title,location,img,link
心肺复苏模拟人CPR490急救训练假人医学用人工呼吸演练人体模型,浙江 温州,https://g-search1.alicdn.com/img/bao/uploaded/i4/imgextra/i3/2917370030/O1CN01YxR1yS1C5mgB1lV3e_!!0-saturn_solar.jpg_360x360Q90.jpg_.webp,https://click.simba.taobao.com/cc_im?p=cpr%BC%D9%C8%CB&s=201903596&k=961&e=HDkZ6mFRHIGNgSqA9GLxjXiM2aVg9F6HLSTq6Be9rMR1WgeeH2YO03u6k80t%2F%2BgAULmKVrItIbItQ134jf4bpXiG4zqT%2FxFY%2FnuaIPONL%2B%2FUIG0YCFqefzncQQztstvVS%2FkpreqsblwBTNtpbu9y%2Bmu8ktxjOUd%2FzSfFba9%2FZKX%2BB%2FzXyFVqAFyFlt4hHxdG5ajWgqVyYVAGAOdshokEArY3H8RroUyVl8gzgl4ycLEmVnq9xoNEdhA2nSL4pXYmLCyyqGk7HPrEImbjw6Et48Jb0%2FiVMpDZnoICOwOnYmyCKDIwFzqb7GxNexRN%2B7BvM0HpkFehuq%2FiDww%2BWZMkGIVCx%2BoD1feqH79NgkFCXzUdJaJuQJNs9%2F4nSUzVeIzyDVmF0Q3lBOA86%2BYSjSxshTJypepwl8oBU6K1ekbty2vmY7IdFWO6ysj8nsQzc51cFjZX6f9DaZ8imIpLv17jSVV4JOKySnvCZv2EpEtQnKio6r4yFu%2BC9dWlEHOOWGMIfCR%2Bf0076w3z%2Fc3NzyKrpf2FXhaYBeaTD0mffjh8HBdf%2FIYB2tSnNul%2Ffrb%2BkxuRXJLhWuHoBSiF2QrV1yQL%2B%2BDhSC1PvvgG%2F%2BxaO7hT9sv9tQQMUCbwSDK2u70MEEoGIxj40V41I5Z9UayeTxmkBTYfsCUtUtJmhYquLSA1Fr3mjNTUq2WIA9973NL0KXDJO6hu4Af95DdUbSJQrZERePjns%2Bb6ms%2FooNCq1hVKcp1Y%2FJwOmnBR8q8FAEhc%2FrV4ua7FdArc%2FHNz%2FjZ%2Ff0BiiZTpQrNTTw%2BSU87UqYT1g%2BS%2BSp%2BjckUPseoEynLH%2B%2FFBZq18ESLL9GqTI7DZS56KbSLBStRBaVVXomi0iIXW05IWQp0euyNxIitQPXo%2BDgrft8w2iCCTc8T0F80fPi5IQ25jYsfoosYy0Z72HLINAXu%2FQDG0oB9aGGaaUu2CKki1#detail
养老护理模拟人训练人体模型输液打针男女导尿插胃管心肺复苏假人,浙江 温州,https://g-search1.alicdn.com/img/bao/uploaded/i4/imgextra/i4/2917370030/O1CN01n4GOI01C5mf7PoLKI_!!0-saturn_solar.jpg_360x360Q90.jpg_.webp,https://click.simba.taobao.com/cc_im?p=cpr%BC%D9%C8%CB&s=201903596&k=961&e=rFZj3pmr%2BPCNgSqA9GLxjXiM2aVg9F6HLSTq6Be9rMR1WgeeH2YO03u6k80t%2F%2BgAULmKVrItIbItQ134jf4bpTuxe2rUk7N%2B%2FnuaIPONL%2B%2FUIG0YCFqefzncQQztstvVS%2FkpreqsblwBTNtpbu9y%2Bmu8ktxjOUd%2FzSfFba9%2FZKX%2BB%2FzXyFVqAFyFlt4hHxdG5ajWgqVyYVAGAOdshokEArY3H8RroUyVl8gzgl4ycLEmVnq9xoNEdhA2nSL4pXYmLCyyqGk7HPrEImbjw6Et48Jb0%2FiVMpDZnoICOwOnYmyCKDIwFzqb7Ec7gY0u5YzbD1AVOuBPFnHiDww%2BWZMkGNYmD10W1o4aQwFV0nFk3PA4q2N8ru5lA%2BW%2BQeQlpnsofgDfvi3rew486%2BYSjSxshTJypepwl8oBU6K1ekbty2vmY7IdFWO6ysj8nsQzc51cv80c5tBkpKkx7e%2FWXfEvK1V4JOKySnvCZv2EpEtQnKg4xuk006YOSN671BiO3XFWfCR%2Bf0076w3z%2Fc3NzyKrpf2FXhaYBeaTD0mffjh8HBdf%2FIYB2tSnNul%2Ffrb%2BkxuRXJLhWuHoBSiF2QrV1yQL%2B%2BDhSC1PvvgG%2F%2BxaO7hT9sv9tQQMUCbwSDK2u70MEEoGIxj40V41I5Z9UayeTxmkBTYfsCUtUtJmhYquLSA1Fr3mjNTUq2WIA9973NL0KXDJO6hu4Af95DdUbSJQrZERePjns%2Bb6ms%2FooNCq1hVKcp1Y%2FJwOmnBR8q8FAEhc%2FrV4ua7FdArc%2FHNz%2FjZ%2Ff0BiiZTpQrNTTw%2BStb9yWA43gRQJL%2FDG06xBNOoEynLH%2B%2FFBH7DlNRsDBENxaF5kzRk2DiLBStRBaVVXomi0iIXW05IWQp0euyNxIitQPXo%2BDgrft8w2iCCTc8T0F80fPi5IQ25jYsfoosYy0Z72HLINAXu%2FQDG0oB9aGGaaUu2CKki1#detail
心肺复苏模拟人急救模型全身半身品质保证,上海,https://g-search1.alicdn.com/img/bao/uploaded/i4/imgextra/i1/1815020135/O1CN01kkz8j31Crs9dMvRMG_!!0-saturn_solar.jpg_360x360Q90.jpg_.webp,https://click.simba.taobao.com/cc_im?p=cpr%BC%D9%C8%CB&s=201903596&k=1005&e=XqhsacMo3RyNgSqA9GLxjXiM2aVg9F6HLSTq6Be9rMR1WgeeH2YO03u6k80t%2F%2BgA1JMf2GZ4W%2B4vyaVCt9Zc1jW8mWxhcPni%2FnuaIPONL%2B%2FUIG0YCFqefzncQQztstvVS%2FkpreqsblwBTNtpbu9y%2Bmu8ktxjOUd%2FzSfFba9%2FZKX%2BB%2FzXyFVqAFyFlt4hHxdG5ajWgqVyYVAGAOdshokEArY3H8RroUyVl8gzgl4ycLEmVnq9xoNEdhA2nSL4pXYmLCyyqGk7HPrEImbjw6Et48Jb0%2FiVMpDZnoICOwOnYmyCKDIwFzqb7I2wq%2B6TvM4YuJWd9s%2FcCY3YOrTGsOcIVgxwPb9uL%2FaMQCLm1GkOkt1nfEAjQtEEO5pMvp5V9qmnrqyoFFa5plI86%2BYSjSxshSNTA%2BS7gyG%2FatZLx9VDf206sO8hXZ6KKJSGN4wVWf1Jkk2YHhi7ZZSMTFvOgLPBTduU8%2FqEOMPfD8bdAs33NzIuCM27yVLhACI1ANL1fm1Lt%2BBkqfG%2BMOuoqm3Pm8jOplNjfZJoozix%2BcsLTuzUxo8O16Hz6ElYLAIREcRouOyxRU8OVdGNmXo%2BHC%2FKwGnqKyedCmm%2BiTBTpcRZMqP8Yo1lbetkDYDClDMJd8voJjO1Q8yQStS3cVjUZadd1%2FYGmW4XMErxHZThj5qh8KJtSFhXf65yLBxLPJCWqPZrKdeOxOzp9SfYjFWbjXZD4hKWQCirnO%2Bn6uHpYgc5dvH%2FUmtlig3h63qRcj5%2BEjUK2fnLvewUGRBSGArBjiKyxdqBg8RWenCmmh%2Fg%2BzlvlQ0T6RRz%2FjZ%2Ff0BiiQ3Ab933HJsgPvmJGJ2u3tKiVZruE15W4f3PXKsdXWTfR8q5z2aWVu00AQ%2B35ADoODWW9Z8SXHd4AHPFoIcP1Qgkt89g9ifPLOYvRFfuyYA%2BXNXPH0YkvYMfjWDoQbSDjb16yJ1crkqSbfe3Jq0Fmr9GVb3Ib2zg2Z3wAiccroTQhDx%2FcLHy%2B1g%3D
心肺复苏模拟人医学用CPR教学模型人工呼吸假人急救橡皮人模拟人,天津,https://g-search1.alicdn.com/img/bao/uploaded/i4/i4/2214650202009/O1CN014B7OFE1QiATtFpQJI_!!2214650202009.jpg_360x360Q90.jpg_.webp,https://item.taobao.com/item.htm?id=685503559708&ns=1&abbucket=16#detail
医训心肺复苏模拟人全半身CPR急救训练模拟人操作安全培训模特应急救援橡皮人工呼吸训练习假人体模型,上海,https://g-search3.alicdn.com/img/bao/uploaded/i4/i2/2211549081600/O1CN01SOnNQz1NgqPephRqX_!!0-item_pic.jpg_360x360Q90.jpg_.webp,https://detail.tmall.com/item.htm?id=643329241403&ns=1&abbucket=16
心肺复苏模拟人半身全人工呼吸心脏按压急救演练假人模特型CPR690,上海,https://g-search3.alicdn.com/img/bao/uploaded/i4/i4/410896281/O1CN01LWHkhn1wGkOTOMUxm_!!410896281.jpg_360x360Q90.jpg_.webp,https://item.taobao.com/item.htm?id=39147117253&ns=1&abbucket=16#detail
半身心肺复苏模拟 人医用假人CPR急救训练人体模型模具全身心复苏,北京,https://g-search3.alicdn.com/img/bao/uploaded/i4/i4/4043179460/O1CN016VDD4c2JkjLyI4tD0_!!4043179460.jpg_360x360Q90.jpg_.webp,https://item.taobao.com/item.htm?id=582446154226&ns=1&abbucket=16#detail
CPR人工呼吸训练心肺复苏模拟人全身医用假人半身急救假按压人体模型人训练教学,北京,https://g-search2.alicdn.com/img/bao/uploaded/i4/i3/2207767347679/O1CN01RHERWa26b2BL4OqWz_!!0-item_pic.jpg_360x360Q90.jpg_.webp,https://detail.tmall.com/item.htm?id=617157267119&ns=1&abbucket=16
CPR心肺复苏模拟人急救医学用全身人体教学半身模型人工呼吸假人,北京,https://g-search2.alicdn.com/img/bao/uploaded/i4/i3/3169896178/O1CN01ISc48V1vVZhTXM56Q_!!3169896178.jpg_360x360Q90.jpg_.webp,https://item.taobao.com/item.htm?id=622157601976&ns=1&abbucket=16#detail
全身心肺复苏模拟人CPR医学演练假人工呼吸半身教学急救培训模型,北京,https://g-search3.alicdn.com/img/bao/uploaded/i4/i2/4069891081/O1CN01xGIubP1Jr8tlEcrL3_!!4069891081.jpg_360x360Q90.jpg_.webp,https://item.taobao.com/item.htm?id=622400192412&ns=1&abbucket=16#detail
心肺复苏模拟人 CPR急救橡皮假人体按压人工呼吸器全半身教学模型,广东 广州,https://g-search2.alicdn.com/img/bao/uploaded/i4/i1/3010813050/O1CN01X7aNok1YOwaO7FBFr_!!0-item_pic.jpg_360x360Q90.jpg_.webp,https://item.taobao.com/item.htm?id=612665110160&ns=1&abbucket=16#detail
弘模心肺复苏模拟人全半身CPR急救训练橡皮人体模型胸外按压操作医学用教学假人工呼吸模拟人除颤仪,上海,https://g-search3.alicdn.com/img/bao/uploaded/i4/i1/2212467702729/O1CN013Xwk331W1vZK3wcvp_!!0-item_pic.jpg_360x360Q90.jpg_.webp,https://detail.tmall.com/item.htm?id=654958904609&ns=1&abbucket=16
心肺复苏模拟人 CPR急救护理模型 心肺复苏模型 人工呼吸急救假人,上海,https://g-search3.alicdn.com/img/bao/uploaded/i4/i1/111986461/O1CN01gCVjWN1xbBZUe5aEd_!!0-item_pic.jpg_360x360Q90.jpg_.webp,https://item.taobao.com/item.htm?id=614557638742&ns=1&abbucket=16#detail
高级全自动电脑心肺复苏模拟人急救训练假人体模型CPR490全科医模,上海,https://g-search3.alicdn.com/img/bao/uploaded/i4/i3/2958686104/O1CN013gSYrg1uxgDcvwz04_!!2958686104.png_360x360Q90.jpg_.webp,https://item.taobao.com/item.htm?id=630346236455&ns=1&abbucket=16#detail
益模 高级成人心肺复苏模拟人CPR690半全身医用急救假人触电窒息院前抢救训练人体模型胸外按压人工呼吸教具,浙江 温州,https://g-search1.alicdn.com/img/bao/uploaded/i4/i3/2209038526505/O1CN017R4Prb1xvL3GkSzM4_!!0-item_pic.jpg_360x360Q90.jpg_.webp,https://detail.tmall.com/item.htm?id=634480747556&ns=1&abbucket=16
心肺复苏模拟人半全身医学训练假人CPR急救模型AED除颤演练模具,浙江 温州,https://g-search3.alicdn.com/img/bao/uploaded/i4/i1/2214797965725/O1CN01PpFaXR1sA6GDIpQSv_!!0-item_pic.jpg_360x360Q90.jpg_.webp,https://detail.tmall.com/item.htm?id=686291659245&ns=1&abbucket=16
医博 心肺复苏模拟人全身 人工呼吸急救训练模型假人 橡皮人 CPR480心肺复苏人体模型半身教学用医学人体模型,上海,https://g.alicdn.com/s.gif,https://detail.tmall.com/item.htm?id=607537729217&ns=1&abbucket=16
心肺复苏模拟人全身半CPR心脏胸外按压体模特医学用触电急救假人,上海,https://g.alicdn.com/s.gif,https://item.taobao.com/item.htm?id=14776966537&ns=1&abbucket=16#detail
心肺复苏模拟人胸外按压急救培训医用假人消防演练模型CPR610,北京,https://g.alicdn.com/s.gif,https://item.taobao.com/item.htm?id=584458579619&ns=1&abbucket=16#detail
CPR心肺复苏模拟人全身半身医用急救假人工呼吸训练人体模型教学,浙江 温州,https://g.alicdn.com/s.gif,https://item.taobao.com/item.htm?id=620440571390&ns=1&abbucket=16#detail
心肺复苏模拟人全身急救CPR人体模型半身人工呼吸按压训练假人,浙江 温州,https://g.alicdn.com/s.gif,https://item.taobao.com/item.htm?id=679127248034&ns=1&abbucket=16#detail
心肺复苏模拟人半身全人工呼吸心脏按压急救演练假人模特型CPR690,山东 济南,https://g.alicdn.com/s.gif,https://item.taobao.com/item.htm?id=695763388772&ns=1&abbucket=16#detail
优模心肺复苏模拟人CPR全身半身医用急救假人工呼吸训练人体模型,上海,https://g.alicdn.com/s.gif,https://detail.tmall.com/item.htm?id=582733598379&ns=1&abbucket=16
CPR心肺复苏模拟人全半身心脏按压人工呼吸假人急救训练教学模型,上海,https://g.alicdn.com/s.gif,https://item.taobao.com/item.htm?id=686391019839&ns=1&abbucket=16#detail
高级婴儿儿童心肺复苏训练模型   婴儿气道埂塞及CPR模型  海姆立克急救假人 医用婴儿心肺复苏训练模型继科,北京,https://g.alicdn.com/s.gif,https://detail.tmall.com/item.htm?id=638156280777&ns=1&abbucket=16
心肺复苏模拟人全半身CPR应急救援橡皮人工呼吸训练习假人体模型,山东 青岛,https://g.alicdn.com/s.gif,https://item.taobao.com/item.htm?id=641701788441&ns=1&abbucket=16#detail
CPR490高级心肺复苏模拟人全身医用急救假人工呼吸训练人体模型,浙江 温州,https://g.alicdn.com/s.gif,https://item.taobao.com/item.htm?id=622642195478&ns=1&abbucket=16#detail
心肺复苏模拟人半身全身CPR假人胸外按压人工呼吸急救训练人体模型,上海,https://g.alicdn.com/s.gif,https://detail.tmall.com/item.htm?id=613951275354&ns=1&abbucket=16
弘模婴儿心肺复苏模拟人新生儿急救训练模型人CPR小儿窒息异物梗阻复苏模型假人气管插管训练模型人,上海,https://g.alicdn.com/s.gif,https://detail.tmall.com/item.htm?id=656299487669&ns=1&abbucket=16
心肺复苏模拟人CPR全半身心脏按压急救训练假人人工呼吸教学模型,浙江 温州,https://g.alicdn.com/s.gif,https://item.taobao.com/item.htm?id=672187033676&ns=1&abbucket=16#detail
心肺复苏模拟人CPR490急救训练假人医学用人工呼吸演练人体模型,浙江 温州,https://g.alicdn.com/s.gif,https://item.taobao.com/item.htm?id=692276992815&ns=1&abbucket=16#detail
心肺复苏模拟人急救培训医学用CPR人体教学半身模型人工呼吸假人,北京,https://g.alicdn.com/s.gif,https://detail.tmall.com/item.htm?id=557399072696&ns=1&abbucket=16
泰贵医学TG/CPR150高级婴儿梗塞模型新生儿气道阻塞及心肺复苏模拟假人海姆立克急救训练人体仿真娃娃模具,上海,https://g.alicdn.com/s.gif,https://detail.tmall.com/item.htm?id=607832834037&ns=1&abbucket=16
心肺复苏模拟人CPR全身心脏按压人体急救培训半身假人工呼吸模型,北京,https://g.alicdn.com/s.gif,https://item.taobao.com/item.htm?id=628538804867&ns=1&abbucket=16#detail
医训CPR15170高级儿童心肺复苏模拟人小儿心肺复苏模型医学用儿童急救假人体模型模特,上海,https://g.alicdn.com/s.gif,https://detail.tmall.com/item.htm?id=644391801172&ns=1&abbucket=16
心肺复苏模拟人 CPR心脏复苏急救训练人体模型医学用教学模型假人,北京,https://g.alicdn.com/s.gif,https://item.taobao.com/item.htm?id=545408720503&ns=1&abbucket=16#detail
智能儿童心肺复苏模拟人CPR医学训练复苏假人工呼吸急救训练模型,北京,https://g.alicdn.com/s.gif,https://item.taobao.com/item.htm?id=643410667753&ns=1&abbucket=16#detail
心肺复苏模拟人半全身医学训练假人CPR急救模型AED除颤演练模具,广东 深圳,https://g.alicdn.com/s.gif,https://detail.tmall.com/item.htm?id=712021258054&ns=1&abbucket=16
AED自动体外模拟除颤仪训练机心肺复苏假人CPR心脏急救培训模型,上海,https://g.alicdn.com/s.gif,https://item.taobao.com/item.htm?id=682468122621&ns=1&abbucket=16#detail
心肺复苏模拟人cpr半全身急救人工呼吸按压医学训练伤员假人690S,上海,https://g.alicdn.com/s.gif,https://item.taobao.com/item.htm?id=629754647485&ns=1&abbucket=16#detail
泰贵医学TG/CPR110全身心肺复苏模拟人心脏急救人工呼吸医用假人,上海,https://g.alicdn.com/s.gif,https://item.taobao.com/item.htm?id=670181721223&ns=1&abbucket=16#detail
CPR480心肺复苏模拟人医用训练假人急救橡皮人体急救援模特模型人,上海,https://g.alicdn.com/s.gif,https://item.taobao.com/item.htm?id=38057914026&ns=1&abbucket=16#detail
心肺复苏模拟人半身心脏医用教学aed全身CPR49急救训练假人体模型,浙江 温州,https://g.alicdn.com/s.gif,https://item.taobao.com/item.htm?id=639661171018&ns=1&abbucket=16#detail
医训心肺复苏模拟人CPR急救训练橡皮人医学教学假人工呼吸模拟人,上海,https://g.alicdn.com/s.gif,https://item.taobao.com/item.htm?id=45217722261&ns=1&abbucket=16#detail
CPR心肺复苏模拟人全身急救训练培训假人医考模型AED除颤仪训练机,浙江 温州,https://g.alicdn.com/s.gif,https://item.taobao.com/item.htm?id=688487261111&ns=1&abbucket=16#detail
继科心肺复苏模拟人CPR全身心肺训练假人教学急救模型消防演模型,四川 成都,https://g.alicdn.com/s.gif,https://item.taobao.com/item.htm?id=706013799916&ns=1&abbucket=16#detail
心肺复苏模拟人CPR半全身人工呼吸心脏按压急救训练假人体模型,上海,https://g.alicdn.com/s.gif,https://item.taobao.com/item.htm?id=631210356921&ns=1&abbucket=16#detail
心肺复苏模拟人全身CPR急救人体模型半身人工呼吸按压训练假人,浙江 温州,https://g.alicdn.com/s.gif,https://item.taobao.com/item.htm?id=680285701068&ns=1&abbucket=16#detail
心肺复苏模拟人CPR490急救训练假人医学用人工呼吸演练人体模型,浙江 温州,https://g-search1.alicdn.com/img/bao/uploaded/i4/imgextra/i3/2917370030/O1CN01YxR1yS1C5mgB1lV3e_!!0-saturn_solar.jpg_360x360Q90.jpg_.webp,https://click.simba.taobao.com/cc_im?p=cpr%BC%D9%C8%CB&s=429861170&k=961&e=kUpF%2FQ0vNGwzeRCyxvsCZ%2BKnDAj0Dh1wrl%2FyeH3QeZ6G%2BbEBpzdq%2F7L6Crx29rXPZOwge9cZnSPC%2Bzuzq5eQPDOhPVDOljeWfLrsFFdi0KLAh%2Bk2e66krrsCxvk8cpj3oDFPG0MVHzRzz3VZbA36uTW97KJGUgrQoHudSxqxt1SjvVvXeD6jB7bZ0fX5RViYDAWQAXjkCBhL4l%2Fd7HD9Hl45LfjadhrD62GtfmDB%2FQnWX2qEPHymUtGP8RXoaAhBuE9eCyTAhj%2F4P6sylJeiYd6rOYG0oqNxY9wcizaY0hLuJU5GfaR3no95cOhbmOflT93WrkSIRO9%2FyyVyw06m%2FV%2BrmtzK%2BQEPuU8k4qhX3wldNVG8stM3Uw%2FoMLgZ5i0itF9gDdm1ZCuF5mJlGLFSVESiZ5%2FPAnOw4yzTYiNtXMYVZ77iFrRq2Nvz6BwY04T00u7rzDdquywLpcTefOgpgqdxC%2Fb1LQ5pJl7DCihO7KMz8y6K6t5ibXBeNdyz67SWZ%2BRtuIX13HqaZmQRZs6%2FJ0AlHC4zLjy%2B82fqMwBFUQyV%2BQxWOivki4g0WMvb3Gf7nwgyRmGVryCERFV%2B6%2FQgwulBz4BXbeAYDYzeGEbAI8Ctl%2B7l5Z%2FwwFgQMMzIJHUm0ApxuRbGYyu2SVt4%2Fr8ZXg33SSDRHEGvsIYE%2FzTkPViqVCfBU%2FsqL5oGvy2eqrEOWG5lfZIJrFje4ELtsJUpEk8MUtgDc5r07gFQzcmxZ142diXiH8nVx5S%2B9FvT8qEBYe6E9CffGvEepo18j214%2BOZCdR0iP2yhbfdKq3NQvfdVpP0UO93TEg%2Br1H7kdTe6X5swgOw3E5JbDjBqprCz5tfgob7ovnjbAr44rJXOMjiKzvAz1goIcyeWHCYfZ%2FzGKRnODHKIPAHWzE0uvAwgALRdL%2Fyxb2FdQdbWpBBwM7h6avyA48d4sEgnI5HxDk2D#detail
高级婴儿儿童心肺复苏模拟人婴儿梗塞气道阻塞急救及CPR训练模型,北京,https://g-search1.alicdn.com/img/bao/uploaded/i4/imgextra/i1/128177215/O1CN01exrYfa23AWImCtDg6_!!0-saturn_solar.jpg_360x360Q90.jpg_.webp,https://click.simba.taobao.com/cc_im?p=cpr%BC%D9%C8%CB&s=429861170&k=961&e=0mvOAL1cTF8zeRCyxvsCZ%2BKnDAj0Dh1wrl%2FyeH3QeZ6G%2BbEBpzdq%2F7L6Crx29rXPnCnh3dBrT616egJm7OT18i70dyZzraVifLrsFFdi0KLAh%2Bk2e66krrsCxvk8cpj3oDFPG0MVHzRzz3VZbA36uTW97KJGUgrQoHudSxqxt1SjvVvXeD6jB7bZ0fX5RViYDAWQAXjkCBhL4l%2Fd7HD9Hl45LfjadhrD62GtfmDB%2FQnWX2qEPHymUtGP8RXoaAhBuE9eCyTAhj%2F4P6sylJeiYd6rOYG0oqNxY9wcizaY0hLuJU5GfaR3nqx%2FvoEUiOKzZeaCF5JW0VXRZOlzDHdJqwhZxf%2FTR2uRwZm4xy6uxHp%2F5zJMGZ8b1O5qQLch1%2F6Q3sseDULMUNWF5mJlGLFSVESiZ5%2FPAnOw4yzTYiNtXMYVZ77iFrRq2Nvz6BwY04T0Pb54WcLkCmESKOM6keZZk6dxC%2Fb1LQ5pJl7DCihO7KPXylC2jPuRmiyoXC82R%2BrdcB6NdT9riLtZR7B1FIysVK97kz7ksQLIvkjZLiQDs6j2%2FbYXGDKPRPpj5Q6Ib6ViBYLATQe4sjVOcCrN1qnqm1uMX%2Fmg%2B5f%2FTJGLRYIOcEVlD6Atg7FMbjxRhoe%2B%2BK4XJauogOaBR9pbUTYfvW1JAAgM4v3gDJg6U%2FHhEZJbi9K8Od1%2F%2B0JfJLalrggPVrns0HT4t%2F8MwCqfUVn%2Fefx5ePKkYw7PbZhykoiBhd%2B83EqxsroZpmfGqNIvkBtABUvMKVH3NgF8n%2B4epo18j214%2BD7jg9fWGF4xjHGyVP1P9x3rDklpAEXsrkNcxyB5AWI5f%2FdLgyt%2BrKPl3Bf%2BSqSgM8%2FNm9N3hg6x3OYVlQenc9UpLVQ1xpMPyXJV84Nz2ll4oz6u6cJuZVzAmB99PU44CM37NGyiQGy2ls8lH%2BkJbuIydobKky%2BvNc%2FIdClEP6BW#detail
CPR490高级心肺复苏模拟人全身医用急,浙江 温州,https://g-search1.alicdn.com/img/bao/uploaded/i4/imgextra/i4/28902000/O1CN01r6Qlv41Qe2nw7bxaU_!!0-saturn_solar.jpg_360x360Q90.jpg_.webp,https://click.simba.taobao.com/cc_im?p=cpr%BC%D9%C8%CB&s=429861170&k=985&e=d36oz2E4Jq8zeRCyxvsCZ%2BKnDAj0Dh1wrl%2FyeH3QeZ6G%2BbEBpzdq%2F7L6Crx29rXPnCnh3dBrT61tnPK6eJ7NNwfkI7ZFtMQFGMFUlA%2F08I3Ah%2Bk2e66krrsCxvk8cpj3oDFPG0MVHzRzz3VZbA36uTW97KJGUgrQoHudSxqxt1SjvVvXeD6jB7bZ0fX5RViYDAWQAXjkCBhL4l%2Fd7HD9Hl45LfjadhrD62GtfmDB%2FQnWX2qEPHymUoBzMHEYiIINWkajeIgKZ8B%2FmBQ7tpbjryZa0XED49QCZ5SPIE1%2FoYkbczcQVeCNeVFqjYbiqghJaO3CZFUOtoGQN6eamzZAvykxd2NgNFmPo5e9lo9yrxf8DdRN6UjNYU%2FgIWyDb2GY55IZBe5YaYA%2FvzNrPUL4zmHcpDR6KwOG%2Bn9wP66GtK3vfltX11Fv6aelvkkrGX8C1IBX5oSex%2Bi5zTrt7LQ6R5DtFrX8wzuaMA3V4cSKncmjl72Wj3KvF4aOroL6%2BPeJkuWopm%2FhEmytjmCtP0ZX4l%2F0litMaRIUMeJBW%2Be59AFZR7B1FIysVK97kz7ksQLIvkjZLiQDs6j2%2FbYXGDKPRFiRAmF8TMdmBYLATQe4sjVOcCrN1qnqm1uMX%2Fmg%2B5f%2FTJGLRYIOcEVlD6Atg7FMbjxRhoe%2B%2BK4XJauogOaBR9pbUTYfvW1JAAgM4v3gDJg6U%2FHhEZJbi9K8Od1%2F%2B0JfJGJMaju%2B53D7gbzepHaYLOne4ELtsJUpEk8MUtgDc5r07gFQzcmxZ142diXiH8nVx7cgIPKPkbNmk8LTTh8Aj7uNE5zHO1ILJovKokRGdDedLu9I0kKczhNDYbzIpo2MVSM6auvE%2FRCYPo4jmt92jQPL%2Fvoy%2F1Ngmz%2F8DLoalhTbXoIZTsewaD1lvYw3ZMAbfGbm5dsnMNMhLhcXF2XfPs0Y7cIUPwslvju1%2FVa6mALe7%2Fn7ZFdfxN6XyT6gLmHD0Q%3D%3D#detail
心肺复苏训练模拟人CPR690半全身医用急救假人触电窒息院前抢救,湖北 黄石,https://g-search2.alicdn.com/img/bao/uploaded/i4/i3/2214671941519/O1CN011KFeHO1N5kS23mwun_!!2214671941519.jpg_360x360Q90.jpg_.webp,https://item.taobao.com/item.htm?id=710821083483&ns=1&abbucket=16#detail
心肺复苏训练模拟人CPR全身心肺训练假人教学急救模型消防演模型,贵州 铜仁,https://g-search2.alicdn.com/img/bao/uploaded/i4/i4/2214671941519/O1CN016zTlKE1N5kRtH0Wns_!!2214671941519.jpg_360x360Q90.jpg_.webp,https://item.taobao.com/item.htm?id=710821243047&ns=1&abbucket=16#detail
高级心肺复苏模拟人全身医用急救假人工呼吸训练人体模型 CPR290,浙江 台州,https://g-search3.alicdn.com/img/bao/uploaded/i4/i2/674213044/O1CN01JVM7WL1YMCRrPxUzs_!!674213044.jpg_360x360Q90.jpg_.webp,https://item.taobao.com/item.htm?id=710538612996&ns=1&abbucket=16#detail
医用CPR全身心肺复苏模拟人复苏急救教学人体模型AED除颤训练假人,北京,https://g-search3.alicdn.com/img/bao/uploaded/i4/i3/3322835554/O1CN019j28g61qtmKkbsSJW_!!3322835554.jpg_360x360Q90.jpg_.webp,https://item.taobao.com/item.htm?id=555913949742&ns=1&abbucket=16#detail
沪模 HUMO/CPR590S液晶彩显电脑心肺复苏模拟人CPR590安全急救训练教学模型 胸外按压人工呼吸抢救练习假人,上海,https://g-search2.alicdn.com/img/bao/uploaded/i4/i4/2200537816372/O1CN01dp6Yfy1wwQIeL9ElU_!!0-item_pic.jpg_360x360Q90.jpg_.webp,https://detail.tmall.com/item.htm?id=583744113852&ns=1&abbucket=16
益莫 KMU/CPR580高级中屏幕液晶自动电脑心肺复苏模拟人 模拟心电图急救训练教学假人体模型安全培训考核,上海,https://g-search3.alicdn.com/img/bao/uploaded/i4/i2/2209038526505/O1CN01vjEuzB1xvL2nLxXh7_!!0-item_pic.jpg_360x360Q90.jpg_.webp,https://detail.tmall.com/item.htm?id=631453280089&ns=1&abbucket=16
柏乐教学BL-CPR100半身心肺复苏模拟人心脏呼吸急救训练假人模型,上海,https://g-search2.alicdn.com/img/bao/uploaded/i4/i1/2213098653165/O1CN017IAndM1ZFcHmfIkg7_!!2213098653165.jpg_360x360Q90.jpg_.webp,https://item.taobao.com/item.htm?id=667785182424&ns=1&abbucket=16#detail
CPR心肺复苏模拟人急救医学用全身人体教学半身模型人工呼吸假人,,https://g-search3.alicdn.com/img/bao/uploaded/i4/i1/2622428334/O1CN01Fs2vzn2BR1dZQrAYu_!!2622428334.jpg_360x360Q90.jpg_.webp,https://item.taobao.com/item.htm?id=710129638407&ns=1&abbucket=16#detail
继科心肺复苏模拟人CPR全身心肺训练假人教学急救模型消防演模型,北京,https://g-search1.alicdn.com/img/bao/uploaded/i4/i1/3322835554/O1CN01TkeqYj1qtmRg2U1Gq_!!3322835554.jpg_360x360Q90.jpg_.webp,https://item.taobao.com/item.htm?id=580865381438&ns=1&abbucket=16#detail
高级婴儿幼小儿心肺复苏模拟人型CPR160窒息新生儿医用假人体教具,上海,https://g-search2.alicdn.com/img/bao/uploaded/i4/i4/410896281/O1CN01neMQmG1wGkVOFhzL5_!!410896281.jpg_360x360Q90.jpg_.webp,https://item.taobao.com/item.htm?id=15928763139&ns=1&abbucket=16#detail
CPR心肺复苏模拟人急救医学用全身人体教学半身模型人工呼吸假人,北京,https://g-search3.alicdn.com/img/bao/uploaded/i4/i4/3376967264/O1CN01xm994J23WxpGv6qE5_!!0-item_pic.jpg_360x360Q90.jpg_.webp,https://detail.tmall.com/item.htm?id=622715587115&ns=1&abbucket=16
CPR100半身心肺复苏模拟人急救训练人体模型心脏按压人工呼吸培训假人,上海,https://g-search3.alicdn.com/img/bao/uploaded/i4/i3/2206813196300/O1CN01LOhA9x1wPRyAd56Ll_!!0-item_pic.jpg_360x360Q90.jpg_.webp,https://detail.tmall.com/item.htm?id=673595452411&ns=1&abbucket=16
心肺复苏模拟人 全身半身CPR急救演练训练假人工呼吸按压人体模型,浙江 温州,https://g-search3.alicdn.com/img/bao/uploaded/i4/i2/2137467566/O1CN01P5UrVb25lHCSzJJf1_!!2137467566.jpg_360x360Q90.jpg_.webp,https://item.taobao.com/item.htm?id=606833485790&ns=1&abbucket=16#detail
高级全身心肺复苏模拟人CPR480/580/680人工呼吸训练触电急救假人,上海,https://g.alicdn.com/s.gif,https://item.taobao.com/item.htm?id=588524735656&ns=1&abbucket=16#detail
泰贵医学心肺复苏模拟人半身cpr心脏急救护理训练假人全身人体模型,上海,https://g.alicdn.com/s.gif,https://detail.tmall.com/item.htm?id=640412989289&ns=1&abbucket=16
CPR300S高级全自动电脑心肺复苏模拟人急救演练全身假人医学模型,上海,https://g.alicdn.com/s.gif,https://item.taobao.com/item.htm?id=675519699506&ns=1&abbucket=16#detail
心肺复苏模拟人全身CPR按压呼吸医学假人半身急救训练人体模型,上海,https://g.alicdn.com/s.gif,https://item.taobao.com/item.htm?id=680322259790&ns=1&abbucket=16#detail
弘模心肺复苏模拟人 人工呼吸急救培训橡皮人假人HOM/CPR100B,上海,https://g.alicdn.com/s.gif,https://detail.tmall.com/item.htm?id=656381518557&ns=1&abbucket=16
心肺复苏模拟人CPR急救演习假按压人工呼吸器医学全半身模型全套,,https://g.alicdn.com/s.gif,https://item.taobao.com/item.htm?id=671590045316&ns=1&abbucket=16#detail
医训CPR690S高级全自动心肺复苏模拟人全身CPR训练模型急救教学培训练假人体模型,上海,https://g.alicdn.com/s.gif,https://detail.tmall.com/item.htm?id=643829617733&ns=1&abbucket=16
心肺复苏训练模拟人CPR心肺复苏模拟人全身半身医用急救假人工呼,浙江 嘉兴,https://g.alicdn.com/s.gif,https://item.taobao.com/item.htm?id=710602890516&ns=1&abbucket=16#detail
心肺复苏训练模拟人CPR全身心肺训练假人教学急救模型消防演模型,广东 广州,https://g.alicdn.com/s.gif,https://item.taobao.com/item.htm?id=710821215475&ns=1&abbucket=16#detail
心肺复苏模拟人心脏急救呼吸训练假人医用假人半身教学模型 CPR,北京,https://g.alicdn.com/s.gif,https://item.taobao.com/item.htm?id=575600374895&ns=1&abbucket=16#detail
心肺复苏模拟人半身CPR290急救人体模型考核人工呼吸按压训练假人,浙江 温州,https://g.alicdn.com/s.gif,https://item.taobao.com/item.htm?id=679829797235&ns=1&abbucket=16#detail
CPR急救训练模拟人复苏练习假人心肺复苏模拟人体模型医学用模具,上海,https://g.alicdn.com/s.gif,https://item.taobao.com/item.htm?id=35320671978&ns=1&abbucket=16#detail
益模 全功能新生儿一岁三岁五岁儿童高级CPR心肺复苏鼻饲模拟人气管插管插胃管输液脐带护理模型假人教具,上海,https://g.alicdn.com/s.gif,https://detail.tmall.com/item.htm?id=630963844366&ns=1&abbucket=16
TG/CPR690大屏液晶电脑心肺复苏模拟人全身心脏应急演练医用假人,上海,https://g.alicdn.com/s.gif,https://item.taobao.com/item.htm?id=675758436268&ns=1&abbucket=16#detail
优模 CPR590S心肺复苏模拟人工呼吸假人全身人体模型急救橡皮人,上海,https://g.alicdn.com/s.gif,https://detail.tmall.com/item.htm?id=579743245155&ns=1&abbucket=16
cpr690大屏液晶电脑心肺复苏全身模拟人急救人体模型心脏训练假人,浙江 温州,https://g.alicdn.com/s.gif,https://item.taobao.com/item.htm?id=680463999551&ns=1&abbucket=16#detail
心肺复苏模拟人半身标配CPR810急救训练模型消防演练假人,天津,https://g-search3.alicdn.com/img/bao/uploaded/i4/i2/2214650202009/O1CN01ZJZ8zh1QiATuFzDT5_!!2214650202009.jpg_360x360Q90.jpg_.webp,https://item.taobao.com/item.htm?id=687676306248&ns=1&abbucket=16#detail
CPR490心肺复苏模拟人数字计数显示控制器语音打印 人工呼吸吹气按压训练假人急救教学教具模型人,上海,https://g-search2.alicdn.com/img/bao/uploaded/i4/i4/2211549081600/O1CN0108bOBi1NgqNnZtNzO_!!0-item_pic.jpg_360x360Q90.jpg_.webp,https://detail.tmall.com/item.htm?id=644642266044&ns=1&abbucket=16
博友心肺复苏模拟人体CPR按压半全身橡皮假人工呼吸急救训练模型,上海,https://g-search1.alicdn.com/img/bao/uploaded/i4/i1/359463539/O1CN01uho9yu1c0uLQcByfR_!!359463539.jpg_360x360Q90.jpg_.webp,https://item.taobao.com/item.htm?id=601440868246&ns=1&abbucket=16#detail
心肺复苏模拟人全半身CPR应急救援橡皮人工呼吸训练习假人体模型,上海,https://g-search2.alicdn.com/img/bao/uploaded/i4/i2/43980582/O1CN01LgHYuk1GAbBEcdYAx_!!43980582.jpg_360x360Q90.jpg_.webp,https://item.taobao.com/item.htm?id=38159509482&ns=1&abbucket=16#detail
心肺复苏模拟人半身 CPR急救人工呼吸训练模型全身 医学模型 假人,上海,https://g-search1.alicdn.com/img/bao/uploaded/i4/i1/4198938382/O1CN016mJ1692Bn0MM9Yopg_!!4198938382.jpg_360x360Q90.jpg_.webp,https://item.taobao.com/item.htm?id=596220336875&ns=1&abbucket=16#detail
心肺复苏模拟人消防演模型CPR全身心脏训练假人半身教学急救医用,北京,https://g-search3.alicdn.com/img/bao/uploaded/i4/i2/2215597174482/O1CN01LbOYYt1iynzvq2Xr4_!!2215597174482.jpg_360x360Q90.jpg_.webp,https://item.taobao.com/item.htm?id=713389934629&ns=1&abbucket=16#detail
心肺复苏模拟人CPR480急救训练全身 半身假人 急救安妮模型,上海,https://g-search2.alicdn.com/img/bao/uploaded/i4/i2/1779561365/TB2Q0ocov5TBuNjSspcXXbnGFXa_!!1779561365.jpg_360x360Q90.jpg_.webp,https://item.taobao.com/item.htm?id=568734590797&ns=1&abbucket=16#detail
野外应急急救/建筑工地消防演练心肺复苏模拟人 CPR急救塑胶假人,重庆,https://g-search2.alicdn.com/img/bao/uploaded/i4/i4/1915450206/TB2wrpwjHuWBuNjSszgXXb8jVXa_!!1915450206.jpg_360x360Q90.jpg_.webp,https://item.taobao.com/item.htm?id=537367637258&ns=1&abbucket=16#detail
益模 KMU/CPR110全身心肺复苏模拟人 院前急救演练胸外按压人工呼吸培训假人 抢救训练模型,浙江 温州,https://g-search3.alicdn.com/img/bao/uploaded/i4/i1/2209038526505/O1CN017D3mWm1xvL5sp8181_!!0-item_pic.jpg_360x360Q90.jpg_.webp,https://detail.tmall.com/item.htm?id=647422466572&ns=1&abbucket=16
医博BIX-CPR690卫勤心肺复苏模拟人全身CPR人工呼吸急救训练模型假人带语音播报训练考核模式成绩单参数设置,上海,https://g-search2.alicdn.com/img/bao/uploaded/i4/i3/2206780946618/O1CN01H3GA0e1yl5xnyVcv3_!!0-item_pic.jpg_360x360Q90.jpg_.webp,https://detail.tmall.com/item.htm?id=694501205145&ns=1&abbucket=16
医博BIX-CPR590卫勤心肺复苏模拟人全身CPR人工呼吸急救训练模型假人带语音播报训练考核模式成绩单参数设置,上海,https://g-search2.alicdn.com/img/bao/uploaded/i4/i3/2206780946618/O1CN01W9LAXR1yl5xrn7ytN_!!0-item_pic.jpg_360x360Q90.jpg_.webp,https://detail.tmall.com/item.htm?id=694756958765&ns=1&abbucket=16
仁模心肺复苏模拟人全身CPR操作心脏按压人工呼吸橡皮假人急救训,浙江 金华,https://g-search3.alicdn.com/img/bao/uploaded/i4/i4/2201422864858/O1CN01VWMhzr1ll0uIW8eTd_!!2201422864858.jpg_360x360Q90.jpg_.webp,https://item.taobao.com/item.htm?id=706687849596&ns=1&abbucket=16#detail
针灸练习模型48人体穴位经络可扎针中医教学铜人摆件硅胶仿真人,河南 许昌,https://g-search1.alicdn.com/img/bao/uploaded/i4/imgextra/i1/3370977601/O1CN013tpr4U261JK0tmrcw_!!0-saturn_solar.jpg_360x360Q90.jpg_.webp,https://click.simba.taobao.com/cc_im?p=cpr%BC%D9%C8%CB&s=1399814250&k=961&e=GJLV8tEA4W3JjpQVmDr8kBZ0dJPRSoGOHzuyFwrge7lXsssdv0DvhCKG4B8Vp5oCM2hTOklXPAwA4nzaSMzcieUMCoanE%2BYuQ0BUVGkp%2Fie3%2F0v0MCWnF%2B6BKw56y1UQUCjigkPyI8VwQAuaXc4ls5lX7YaooFTjnPl4yshiKaJt6gRVFsJ4%2FSXqsTqTB1qPEP%2Bstjcd9gSVegbKT8MRFtNUINVIXDx2GXrUIcEwnRXP604ukWub5Xfmu3TaXRTzr3iWCw09d%2F3F43IvwhVQ%2FegWrQv5KVNKnQG0ryT9Hll9HhrpKN4xcVxHqihZIfDKqfdp0z4uEWCRml3%2BFtaCD8iPU1QknirKXo1%2FfTu%2BVQQnzakPtbSAXnlYSCtMhiIGvqgrhMogZ6Q92zK6L5SFoRNCGDQXI3ReNoFs2y0zcGsfpSoU20F5aaokB7s8RwWOVPS%2BnhTyrzl5O5UBhdUY8CNBx%2BqqxMAszK%2B4HDNSlOq1brtrYPCteDNkUzs%2FPTwiCWrh1xdgc524uBFVs8QWoOTpFInOFib%2Ff%2B2tSypNNmUzeLsgoKUj%2FW4Xd3Sz6UKSRRCu8Y%2B8Dv%2BfBVPT9AtE5nWVEwCciOcaYvyldvljpLNHc0nxP8AHiLROAar4P%2FWj2cijsjES49fvLROu1iyT7%2Btw8Bz82liC44eFO6qzEFmBd8Vld72UE6XmsqK1H94LW3rCYRmK6UWqJmNQkeRjue78g6Gmghe3GA0MhJyOxC7sDuOl4QzFhJxrQNadtGiDmX1ES1hRJxgY98UzjysuXPmqYWkAmFYt08tZO0NVyY9GxbT4Ba6a5O6o02Pn4s2h%2B7TWB7mMLa8DjmKlcGoeD%2FUixX5E63NOpa9AZKGDuGnmfY4WVjQgLtpU6A3KC%2FR5nCn%2B5MenyXY5ErJ069m%2BmaKLr3Ymkiu44M4lLZcuq1yLpS0ZGLFrOypvbrddIcw6#detail
针灸练习模型120人体穴位经络可扎针中医教学铜人摆件硅胶仿真人,河南 许昌,https://g-search1.alicdn.com/img/bao/uploaded/i4/imgextra/i2/3370977601/O1CN01VfrD24261JJ21eDC9_!!0-saturn_solar.jpg_360x360Q90.jpg_.webp,https://click.simba.taobao.com/cc_im?p=cpr%BC%D9%C8%CB&s=1399814250&k=961&e=1OJ6z%2Bk%2F%2BKHJjpQVmDr8kBZ0dJPRSoGOHzuyFwrge7lXsssdv0DvhCKG4B8Vp5oCM2hTOklXPAwA4nzaSMzciSH1xpnj%2FybsQ0BUVGkp%2Fie3%2F0v0MCWnF%2B6BKw56y1UQUCjigkPyI8VwQAuaXc4ls5lX7YaooFTjnPl4yshiKaJt6gRVFsJ4%2FSXqsTqTB1qPEP%2Bstjcd9gSVegbKT8MRFtNUINVIXDx2GXrUIcEwnRXP604ukWub5Xfmu3TaXRTzr3iWCw09d%2F3F43IvwhVQ%2FegWrQv5KVNKnQG0ryT9Hll9HhrpKN4xcRnrHICZscoX3SIg2TfV54aRml3%2BFtaCD%2FzZElSI3Lo7R5sq%2BqoAWR6mIFiHuCcMrjBWFsYIIjVuV8mnkG%2BtLgE92zK6L5SFoRNCGDQXI3ReNoFs2y0zcGsfpSoU20F5aaokB7s8RwWOO57wtnyGwwNzOJeogJAZqyNBx%2BqqxMAszK%2B4HDNSlOqmt1NtGDdvhRREV8PHDZCmCWrh1xdgc524uBFVs8QWoOTpFInOFib%2Ff%2B2tSypNNmUzeLsgoKUj%2FW4Xd3Sz6UKSRRCu8Y%2B8Dv%2BfBVPT9AtE5nWVEwCciOcaYvyldvljpLNHc0nxP8AHiLROAar4P%2FWj2cijsjES49fvLROu1iyT7%2Btw8Bz82liC44eFO6qzEFmBd8Vld72UE6XmsqK1H94LW3rCYRmK6UWqJmNQkeRjue78g6Gmghe3GA0MhJyOxC7sDuOl4QzFhJxrQNadtGiDmX1ES1hRJxgY98UzjysuXPmqYWkAmFYtY8MKTokBwoh5cfG6I5K6Mu6o02Pn4s2h%2B7TWB7mMLa9ukeNDCHobx%2FUixX5E63NOpa9AZKGDuGnmfY4WVjQgLtpU6A3KC%2FR5nCn%2B5MenyXY5ErJ069m%2BmaKLr3Ymkiu44M4lLZcuq1yLpS0ZGLFrOypvbrddIcw6#detail
穿刺及气管切开插管训练模型医考教学假人,浙江 温州,https://g-search1.alicdn.com/img/bao/uploaded/i4/imgextra/i4/28902000/O1CN01wjYvZO1Qe2nhf3BN4_!!0-saturn_solar.jpg_360x360Q90.jpg_.webp,https://click.simba.taobao.com/cc_im?p=cpr%BC%D9%C8%CB&s=1399814250&k=985&e=J7sI9LIKx%2F%2FJjpQVmDr8kBZ0dJPRSoGOHzuyFwrge7lXsssdv0DvhCKG4B8Vp5oCFe5bLD%2B6FsRqluAhHwDpfYWNOjgYTENN4CuVS2nf96e3%2F0v0MCWnF%2B6BKw56y1UQUCjigkPyI8VwQAuaXc4ls5lX7YaooFTjnPl4yshiKaJt6gRVFsJ4%2FSXqsTqTB1qPEP%2Bstjcd9gSVegbKT8MRFtNUINVIXDx2GXrUIcEwnRXP604ukWub5bTgFBNplj1VCjJUEWtf1EdcPlfNmsRgkCgOsZBo3oQVOlCnp1LSAUMYzq%2FFFCkCSgsCYIcI%2FVG66npJ65egKHLZYBJ2CGxjKGVspWJZ%2BsKokjghQ%2BnG%2F3wcBSrkdSrB4UgHbQeVMSO5tmp2Ip72dO%2Bqf10CVISJoDT0hXSqzz3GQSSrxqFbCNS4vTRimHevftsp2sDqIKcIGSeCoERQq%2FbXWnWGaDLrY5Cba9nwgwOMKJEjrCavny4yXCg3kJwwGAS9gjA8qkeHArOytnRawnwmMwfjRveyJ%2Fsvrj0tfrNSJ8DkG18ZsCXCUFV8z%2BNwiGMWVOQq1jOxWEFsgk7T60atl4saqwUVzAA0HRVdVmUBQxwm%2F8sjJiXQzKwKJ%2F0myNy1ZsIRqtrdoiHE76rojZKkhBvRI9ye9VCxB0iRZrFavPSn9jRWHyHpjwmGEhY56Jjlk7cIWoMpQnKpUtBv%2B4XD89xtbw6an0cAu85l0oxkFFryQ4gq9ebj1Ogv58NYPRvCfcfKIJahnIncfn9N%2BTt79q4xF2mrEnHyW2nTM4EJ7C1J2ZrOT7E0mCKTlYuAy5jpWfrsFaf2SWtL%2FzRUTlZT7XVEh%2FuK6phFE6G8yCtvt%2BSYu7kfwbhHe22JYY6xNkl%2Bdtm1%2BIz6S9thEeDsWLWOvQFnSKHjl1qDqBbJ%2F9F3V781J5qlbjKg%2B%2FfJowIhPms4ffJcpZvVP1NUxeaQetWH61Qi69KFqg%3D%3D#detail
医博BIX-CPR590卫勤心肺复苏模拟人全身CPR人工呼吸急救训练模型假人带语音播报训练考核模式成绩单参数设置,上海,https://g-search3.alicdn.com/img/bao/uploaded/i4/i3/2206780946618/O1CN01W9LAXR1yl5xrn7ytN_!!0-item_pic.jpg_360x360Q90.jpg_.webp,https://detail.tmall.com/item.htm?id=694756958765&ns=1&abbucket=16
仁模心肺复苏模拟人全身CPR操作心脏按压人工呼吸橡皮假人急救训,浙江 金华,https://g-search2.alicdn.com/img/bao/uploaded/i4/i4/2201422864858/O1CN01VWMhzr1ll0uIW8eTd_!!2201422864858.jpg_360x360Q90.jpg_.webp,https://item.taobao.com/item.htm?id=706687849596&ns=1&abbucket=16#detail
心肺复苏模拟人高级自动全身教学培训假人GD/CPR10300,陕西 西安,https://g-search3.alicdn.com/img/bao/uploaded/i4/i3/1702448294/O1CN01buOtgY2B8hnD565DH_!!1702448294.jpg_360x360Q90.jpg_.webp,https://item.taobao.com/item.htm?id=708434323390&ns=1&abbucket=16#detail
CPR680医学用橡皮人电脑心肺复苏F模拟人急救训练假人人工呼吸模,河南 郑州,https://g-search2.alicdn.com/img/bao/uploaded/i4/i2/3325801143/O1CN019XTsr51KJXWFQFITH_!!3325801143.jpg_360x360Q90.jpg_.webp,https://item.taobao.com/item.htm?id=705809239320&ns=1&abbucket=16#detail
继科心肺复苏模拟人CPR全身心肺训练假人教学急救模型消防演模型,福建 泉州,https://g-search3.alicdn.com/img/bao/uploaded/i4/i4/2211573851325/O1CN01tXhs161LetbpPZlJT_!!0-item_pic.jpg_360x360Q90.jpg_.webp,https://detail.tmall.com/item.htm?id=708958585392&ns=1&abbucket=16
心肺复苏模拟人半身全人工呼吸心脏按压急救演练假人模特型CPR690,江苏 无锡,https://g-search3.alicdn.com/img/bao/uploaded/i4/i1/2208068866834/O1CN01auaff420M1XQJSAP0_!!0-item_pic.jpg_360x360Q90.jpg_.webp,https://detail.tmall.com/item.htm?id=709264070202&ns=1&abbucket=16
心肺复苏模拟人 CPR急救护理模型 心肺复苏模型 人工呼吸急救假人,上海,https://g-search3.alicdn.com/img/bao/uploaded/i4/i4/3907584168/O1CN01sny7fX1gezdCnMWXH_!!0-item_pic.jpg_360x360Q90.jpg_.webp,https://detail.tmall.com/item.htm?id=712032024538&ns=1&abbucket=16
全身心肺复苏模拟人CPR医学演练假人工呼吸半身教学急救培训模型,江苏 无锡,https://g-search1.alicdn.com/img/bao/uploaded/i4/i2/2211190634008/O1CN01kNCf3M1fTiGG0ttWh_!!0-item_pic.jpg_360x360Q90.jpg_.webp,https://detail.tmall.com/item.htm?id=712298268236&ns=1&abbucket=16
心肺复苏模拟人全身CPR110心脏起搏急救训练假人胸外按压人工呼吸,浙江 温州,https://g-search3.alicdn.com/img/bao/uploaded/i4/i2/2214797965725/O1CN01oGFt5J1sA6GSO0hCq_!!0-item_pic.jpg_360x360Q90.jpg_.webp,https://detail.tmall.com/item.htm?id=688799566551&ns=1&abbucket=16
心肺复苏模拟人半身CPR100急救培训训练按压假人心脏起搏人工呼吸,浙江 温州,https://g-search2.alicdn.com/img/bao/uploaded/i4/i1/2214797965725/O1CN0139hrcI1sA6GTFrEFN_!!0-item_pic.jpg_360x360Q90.jpg_.webp,https://detail.tmall.com/item.htm?id=689081455527&ns=1&abbucket=16
心肺复苏模拟人半身全人工呼吸心脏按压急救演练假人模特型CPR690,江苏 无锡,https://g-search3.alicdn.com/img/bao/uploaded/i4/i1/2208780888555/O1CN015ZKTqR2D4F9olDNFs_!!0-item_pic.jpg_360x360Q90.jpg_.webp,https://detail.tmall.com/item.htm?id=704112906417&ns=1&abbucket=16
半身心肺复苏模拟人医院急救训练假人橡皮人CPR红U十字卫校考核用,广东 东莞,https://g-search3.alicdn.com/img/bao/uploaded/i4/i2/3325801143/O1CN01QUaG5f1KJXWFd5mAF_!!3325801143.jpg_360x360Q90.jpg_.webp,https://item.taobao.com/item.htm?id=705613370194&ns=1&abbucket=16#detail
心肺复苏模拟人 CPR急救护理模型 心肺复苏模型 人工呼吸急救假人,江苏 苏州,https://g-search2.alicdn.com/img/bao/uploaded/i4/i2/2212882729176/O1CN01qKcnYJ2Hef7ulMdtM_!!0-item_pic.jpg_360x360Q90.jpg_.webp,https://detail.tmall.com/item.htm?id=710282118977&ns=1&abbucket=16
心肺复苏模拟人CPR急救橡皮假人体按压人工呼吸器全半身教学模型,江苏 无锡,https://g.alicdn.com/s.gif,https://detail.tmall.com/item.htm?id=712135896766&ns=1&abbucket=16
CPR480心肺复苏模拟人心脏急救人体训练模型电子计数人工呼吸假人,江苏 无锡,https://g.alicdn.com/s.gif,https://detail.tmall.com/item.htm?id=712493749178&ns=1&abbucket=16
心肺复苏模拟人CPR急救护理模型心肺复苏模型人工呼吸急救假人,江苏 无锡,https://g.alicdn.com/s.gif,https://detail.tmall.com/item.htm?id=712611850763&ns=1&abbucket=16
心肺复苏模拟人CPR 心脏复苏假人模型急救模具软件版（电脑自备）,北京,https://g.alicdn.com/s.gif,https://item.taobao.com/item.htm?id=549100727545&ns=1&abbucket=16#detail
心肺复苏模拟人半身全人工呼吸心脏按压急救演练假人模特型CPR690,江苏 无锡,https://g.alicdn.com/s.gif,https://detail.tmall.com/item.htm?id=696354281220&ns=1&abbucket=16
心复苏模人半cpr身急拟救人工呼吸人按压医学训练伤肺员假69全0S,江苏 无锡,https://g.alicdn.com/s.gif,https://detail.tmall.com/item.htm?id=705487006743&ns=1&abbucket=16
心肺复苏模拟人CPR全半身心脏按压急救训练假人模型婴儿人工呼吸新款,江苏 无锡,https://g.alicdn.com/s.gif,https://detail.tmall.com/item.htm?id=711268987618&ns=1&abbucket=16
泰贵医学心肺复苏模拟人半身cpr心脏急救护理训练假人全身人体模型,上海,https://g.alicdn.com/s.gif,https://detail.tmall.com/item.htm?id=640412989289&ns=1&abbucket=16
高级儿童心肺复苏模拟人小儿模型CPR170医学用儿童急救假人体模型,上海,https://g.alicdn.com/s.gif,https://item.taobao.com/item.htm?id=635552747245&ns=1&abbucket=16#detail
心肺复苏模拟人CPR 半身 全身假人模型牛津袋 手提袋双层牛津袋,天津,https://g.alicdn.com/s.gif,https://item.taobao.com/item.htm?id=706884491927&ns=1&abbucket=16#detail
半身心肺复苏模拟人全身触电急救人体模型胸外按压医用假人CPR490,河南 郑州,https://g.alicdn.com/s.gif,https://item.taobao.com/item.htm?id=531378363451&ns=1&abbucket=16#detail
AED自动体外模拟除颤仪教学训练机CPR心肺复苏模拟人急救假人模型,上海,https://g.alicdn.com/s.gif,https://detail.tmall.com/item.htm?id=641562609748&ns=1&abbucket=16
CPR490心肺复苏模拟人数字计数显示控制器语音打印 人工呼吸吹气按压训练假人急救教学教具模型人,上海,https://g-search3.alicdn.com/img/bao/uploaded/i4/i4/2211549081600/O1CN0108bOBi1NgqNnZtNzO_!!0-item_pic.jpg_360x360Q90.jpg_.webp,https://detail.tmall.com/item.htm?id=644642266044&ns=1&abbucket=16
多功能婴儿护理训练模拟人气管插管海姆立克CPR心肺复苏假人模型,上海,https://g-search3.alicdn.com/img/bao/uploaded/i4/i3/198680749/O1CN01ORx0F11HP5Sn8MSGg_!!198680749.jpg_360x360Q90.jpg_.webp,https://item.taobao.com/item.htm?id=660586122473&ns=1&abbucket=16#detail
医博BIX-CPR230卫勤心肺复苏模拟人半身CPR人工呼吸急救训练模型带语音训练考核模式可调医学教学模型假人,上海,https://g-search2.alicdn.com/img/bao/uploaded/i4/i4/2206780946618/O1CN01HL0cB41yl5xkknxKw_!!0-item_pic.jpg_360x360Q90.jpg_.webp,https://detail.tmall.com/item.htm?id=694947303482&ns=1&abbucket=16
益模 电脑高级心肺复苏模拟人（计算机控制-无线连接）投屏教学WIFI链接心肺复苏急救教学假人 CPR700W,上海,https://g-search2.alicdn.com/img/bao/uploaded/i4/i3/2209038526505/O1CN01NcN9ef1xvLELSDPMD_!!0-item_pic.jpg_360x360Q90.jpg_.webp,https://detail.tmall.com/item.htm?id=707723300730&ns=1&abbucket=16
心肺复苏模拟人 全身半身CPR急救演练训练假人工呼吸按压人体模型,福建 泉州,https://g-search1.alicdn.com/img/bao/uploaded/i4/i1/3108142467/O1CN01l55GXd1U5vuV0Alc5_!!3108142467.jpg_360x360Q90.jpg_.webp,https://detail.tmall.com/item.htm?id=704762234725&ns=1&abbucket=16
心肺复苏模拟人CPR急救护理模型心肺复苏模型人工呼吸急救假人,江苏 无锡,https://g-search1.alicdn.com/img/bao/uploaded/i4/i1/2211190634008/O1CN01ymekk81fTiGCtw8Of_!!0-item_pic.jpg_360x360Q90.jpg_.webp,https://detail.tmall.com/item.htm?id=712265320362&ns=1&abbucket=16
心肺复苏模拟人CPR急救橡皮假人体按压人工呼吸器全半身教学模型,江苏 无锡,https://g-search2.alicdn.com/img/bao/uploaded/i4/i1/2207662516957/O1CN01vhUqmY21GMG39iwfZ_!!0-item_pic.jpg_360x360Q90.jpg_.webp,https://detail.tmall.com/item.htm?id=712623254540&ns=1&abbucket=16
心肺复苏模拟人CPR急救护理模型心肺复苏模型人工呼吸急救假人,江苏 无锡,https://g-search3.alicdn.com/img/bao/uploaded/i4/i3/2211190634008/O1CN01UHRHkc1fTiGBm3Plb_!!0-item_pic.jpg_360x360Q90.jpg_.webp,https://detail.tmall.com/item.htm?id=712944475731&ns=1&abbucket=16
医训CPR15160 高级新生儿婴儿心肺复苏模拟人婴儿复苏人体模型CPR小儿窒息急救橡皮假人,上海,https://g-search3.alicdn.com/img/bao/uploaded/i4/i3/2211549081600/O1CN01zkCRWB1NgqNlvM14C_!!0-item_pic.jpg_360x360Q90.jpg_.webp,https://detail.tmall.com/item.htm?id=643998816267&ns=1&abbucket=16
CPR290半身心肺复苏模拟人CAPR培训假人医学模型急救训练人体模型,北京,https://g-search3.alicdn.com/img/bao/uploaded/i4/i3/3325801143/O1CN01kKEW0N1KJXW9f38Qj_!!3325801143.jpg_360x360Q90.jpg_.webp,https://item.taobao.com/item.htm?id=705115720611&ns=1&abbucket=16#detail
心肺复苏模拟人CPR急救橡皮假人体按压人工呼吸器全半身教学模型,江苏 无锡,https://g-search2.alicdn.com/img/bao/uploaded/i4/i2/2207662516957/O1CN017iQjaJ21GMG35Virn_!!2207662516957.jpg_360x360Q90.jpg_.webp,https://detail.tmall.com/item.htm?id=712422469552&ns=1&abbucket=16
心肺复苏模拟人cpr半全身急救人工呼吸按压医学训练伤员假人690S,上海,https://g-search2.alicdn.com/img/bao/uploaded/i4/i4/2209342115341/O1CN018Etuil1pKEDVTlNC6_!!0-item_pic.jpg_360x360Q90.jpg_.webp,https://detail.tmall.com/item.htm?id=712489097059&ns=1&abbucket=16
心脏培训胸外橡皮模拟演练按压全身复苏人工呼吸人半心肺CPR假人,山东 济南,https://g-search3.alicdn.com/img/bao/uploaded/i4/i1/2206911871204/O1CN01PA0Tof1KlTfDOMcIg_!!2206911871204.jpg_360x360Q90.jpg_.webp,https://item.taobao.com/item.htm?id=695076697201&ns=1&abbucket=16#detail
心肺复苏模拟人CPR急救护理模型心肺复苏模型人工呼吸急救假人,广东 广州,https://g-search3.alicdn.com/img/bao/uploaded/i4/i2/2204306415547/O1CN01t5gWoE1qqZnJtW20o_!!0-item_pic.jpg_360x360Q90.jpg_.webp,https://detail.tmall.com/item.htm?id=704791520394&ns=1&abbucket=16
CPR480心肺复苏模拟人心脏急救人体训练模型电子计数人工呼吸假人,浙江 金华,https://g-search3.alicdn.com/img/bao/uploaded/i4/i2/2206948683968/O1CN01tbZvGw1fBOPNQRPnl_!!0-item_pic.jpg_360x360Q90.jpg_.webp,https://detail.tmall.com/item.htm?id=706493364445&ns=1&abbucket=16
CPR480心肺复苏模拟人心脏急救人体训练模型电子计数人工呼吸假人,浙江 金华,https://g-search3.alicdn.com/img/bao/uploaded/i4/i3/2206948683968/O1CN01ptKCc31fBOPoRsjyO_!!0-item_pic.jpg_360x360Q90.jpg_.webp,https://detail.tmall.com/item.htm?id=711208798237&ns=1&abbucket=16
护理人模型训练模拟人体模特多功能男女导尿创伤医学医用假人直销,上海,https://g-search1.alicdn.com/img/bao/uploaded/i4/imgextra/i4/1652500007/O1CN01B9ZVmJ1BvFRRjEtRc_!!0-saturn_solar.jpg_360x360Q90.jpg_.webp,https://click.simba.taobao.com/cc_im?p=cpr%BC%D9%C8%CB&s=956826552&k=993&e=uXUxuPpXImcgP9%2FE7RsgnwJP%2Bd0JcI8DGnpImAMxGyrFvCFAj0bozwJ%2BbFW%2FkZuxNZGDoHdZiHo6%2BIURV7q3Qpp%2Bvb9W6zworp9A7x40RrjRdk%2FSK76fzY4mNFC0IW%2B4jRRtmbVDrTSahKaEy7FD1D74O%2FNNiNfPolqr2d%2BFdlMkAgDJc%2BrblTFj6OaQ%2FEeq7ioogwHJ8zdjwb6zWe7bMXdCjwoVP4ehToSnKzPSNi0TDmYAdBunBcbtBlVZkTBrp%2FwyhOZ559Btli4NQGfYMlrTgE3O8jXgs2y%2FAxzZUzDnu9YLr3Ed4JEAx7sfI87yfJ0UC5DvsZCNVj%2F5DCS9hA4EJi0USHqNcdpHIOGSIOgPMVg6uLXBRGGHYn%2FASfzx%2Bb767eBgP8nKURhHtqkT7l11IHzf3mZxG5seMwWWEMdOSwKL%2Bjb9Cr8haMjWTCi2P5xEWfJL65iuU9UH%2BYBPFDSnRyrVuIKyKZbp%2FWVYGQHrP1IFEcYThrdbFF%2B0dTIffdYKxgqcC90n6nGJsy1YZhrU4e1kydcc4AXadsuJKB5F%2FIrKJIAYniierIxr8xzyNqiJQ%2Bakm%2BUB73MnR%2Fl1VpEVrLLt7%2F2A9qXffkXu3%2B8fiKRJWQMwIo5jutfcvgi7pApKb4rcL3Ljt%2FDRakvXUvl89wFPnpKfx7m%2BUE%2Bm8H3yJEyr6uSk68XwhJAiy3u6UTGvOEhi1KRen2DZvFOIuESd%2B60VHhv6qHWfcdEys81Cs14%2FcsoZ%2Bllx4I1JQEvDPXvslIT4oUqkvMMu%2Bm0Jj2xi9e0WaUowU9vrVbgbqkLp6mMd15l7Qvm%2B%2Bu3gYD%2FJdXEBi7CiqDhgIqesR3fKt94uyh%2F%2BCup0l%2BFnIRbvs4s8POFqgmBH5IrkLCYTSD75GH8%2BzScXCsoHgX1YUFlV6ZPOFkb3kHKG2E5nQ50Lva6971qg2lx4ne7rMkZL9kL9yQ%2FYMYY7HZ67FzYoAUZWxp18dz%2FoEgLV#detail
心肺复苏模拟人CPR490急救训练假人医学用人工呼吸演练人体模型,浙江 温州,https://g-search1.alicdn.com/img/bao/uploaded/i4/imgextra/i3/2917370030/O1CN01YxR1yS1C5mgB1lV3e_!!0-saturn_solar.jpg_360x360Q90.jpg_.webp,https://click.simba.taobao.com/cc_im?p=cpr%BC%D9%C8%CB&s=956826552&k=961&e=RSgnhx1nFLkgP9%2FE7RsgnwJP%2Bd0JcI8DGnpImAMxGyrFvCFAj0bozwJ%2BbFW%2FkZuxKY6XUINJGR1TfSqUyUQ8Xe2d8ithAiZnM6T6UPT%2Fdw3Rdk%2FSK76fzY4mNFC0IW%2B4jRRtmbVDrTSahKaEy7FD1D74O%2FNNiNfPolqr2d%2BFdlMkAgDJc%2BrblTFj6OaQ%2FEeq7ioogwHJ8zdjwb6zWe7bMXdCjwoVP4ehToSnKzPSNi0TDmYAdBunBd%2BoVnXV%2F2n4BTH0Bk9b3%2BEhqjWbvYBZZh8V%2BF2%2Fn6GqfoQoBWK1F3ubIet%2BFdQMPwJZ6RFkXzjSk3NKAuzC3XFJfcTdc3AwDfjpeM4v2olY0brr5RYxFV7F3JATNwhSAdY34YEKFRJoKY097WkzfIOY9iCs84lIXgieiI9z4%2BhfAqoZzJ7J1TieRcI8NflLJ1rubp4kHvHklNa6UX4kTUNGVwa2wA3IE%2FsnWl7wsm8kBo4%2F7xPKqx%2FQk8exojV4W90ggArJ7amTuFwJwsiU1P0vvRcEN2CNkjYS1O2ALwp3CVxbmxwF8FFjyR9bTLN3WkLy7NgIdWj49qXffkXu3%2B8fiKRJWQMwIo5jutfcvgi7pApKb4rcL3Ljt%2FDRakvXUvl89wFPnpKfx7m%2BUE%2Bm8H3yJEyr6uSk68XwhJAiy3u6UTGvOEhi1KRen2DZvFOIuGkY%2BvSLtYzDDR3RryLMzH1Cs14%2FcsoZ%2Bllx4I1JQEvDPXvslIT4oUqkvMMu%2Bm0JjyW8VDxOkZENYw1QycyudSCz5iyHsWYvyZDa2GDQooyrm%2B5bshKKNWExC16uKsznT0nEbK7hFzrn%2F%2Fq2xJM40lhLP8pcBHwiZxloeMmLUPq2VzCLt9vg%2FFPIKUXid8jyPF9NqeJwNUr1S2%2FBt3v4VZI6Q7PJli8pI0gQoP4TEfpA0jgbup0d3gyXjPC9HM8fifYmaHOQj%2F0M#detail
高级婴儿儿童心肺复苏模拟人婴儿梗塞气道阻塞急救及CPR训练模型,北京,https://g-search1.alicdn.com/img/bao/uploaded/i4/imgextra/i1/128177215/O1CN01exrYfa23AWImCtDg6_!!0-saturn_solar.jpg_360x360Q90.jpg_.webp,https://click.simba.taobao.com/cc_im?p=cpr%BC%D9%C8%CB&s=956826552&k=961&e=60uRiYcZJV8gP9%2FE7RsgnwJP%2Bd0JcI8DGnpImAMxGyrFvCFAj0bozwJ%2BbFW%2FkZuxNZGDoHdZiHpQgsvUoZi72Nu3TMkWmYbfM6T6UPT%2Fdw3Rdk%2FSK76fzY4mNFC0IW%2B4jRRtmbVDrTSahKaEy7FD1D74O%2FNNiNfPolqr2d%2BFdlMkAgDJc%2BrblTFj6OaQ%2FEeq7ioogwHJ8zdjwb6zWe7bMXdCjwoVP4ehToSnKzPSNi0TDmYAdBunBd%2BoVnXV%2F2n4BTH0Bk9b3%2BEhqjWbvYBZZh8V%2BF2%2Fn6GqfoQoBWK1F3ubIet%2BFdQMP75E%2FUjgBMeKr2Unz7VE9orFBeWBXCHoiDq1L%2FpDDQm4WXtPIM%2BbQN58pxijcnBmWYCNKJZ%2FWLXbDl0zGnFD3imY9iCs84lIXgieiI9z4%2BhfAqoZzJ7J1TieRcI8NflLJ1rubp4kHvHk6UrYRMZt3rLLvFVaYJdq3fsnWl7wsm8kBo4%2F7xPKqx8VnF%2BmknV5AsGyglQ13CcUtlT3%2BA1zp3YfvkhjFZ3knpjY6P8KAIXjVkb7Fp5BkaUDCFyAiYA4MVTZKnpYkd3QvLgbZUszFTYECFHHOYqV7KRb4TvXG2NQ9c5EtALW3ivEzMbP5LCpMmZVKM5eUUaE3n6lUbpFakgO4FK9Mig2D3f06PPZr9OqTOZUDi2l6nid1fNHLVp%2FXtNcFcj4%2B%2BPQCj55WKXgMrUF3Yh11P%2BIfGwMsZHp8eLvAsGI%2BhpOX2wGVVn7arIbzNkryxYj8e%2Bsq%2F0%2F7dtvC4%2Bz5iyHsWYvyVecFpp1Jnqz7cYmX566KQlYeFc7gIL%2F445np0qp%2BLOSGkTCQKMeGYX8BiXabMq7lCDwot2bqJVqCEYqYFa2hEMHgX1YUFlV6ZPOFkb3kHKG2E5nQ50Lva6971qg2lx4ne7rMkZL9kL9yQ%2FYMYY7HZ67FzYoAUZWxp18dz%2FoEgLV#detail
弘德HD/CPR690S大屏幕液晶彩显自动电脑心肺复苏模拟人急救技能训练培训人体模型人工呼吸教学用假人体模型,浙江 温州,https://g-search3.alicdn.com/img/bao/uploaded/i4/i2/2206426493198/O1CN01YaEMon1ZUjJ54UAPy_!!0-item_pic.jpg_360x360Q90.jpg_.webp,https://detail.tmall.com/item.htm?id=601466003409&ns=1&abbucket=16
CPR心肺复苏急救胸外按压假人急救培训医学仿真模具教学人工呼吸,北京,https://g-search3.alicdn.com/img/bao/uploaded/i4/i4/2207767347679/O1CN01oXWWdb26b1zhrPfNA_!!0-item_pic.jpg_360x360Q90.jpg_.webp,https://detail.tmall.com/item.htm?id=619941624633&ns=1&abbucket=16
厂家直销 训练专用假人 CPR半身心肺复苏模拟人急救培训人体模型,北京,https://g-search2.alicdn.com/img/bao/uploaded/i4/i1/3043639422/O1CN01qP2d0o2JTKM6AmJV7_!!3043639422.jpg_360x360Q90.jpg_.webp,https://item.taobao.com/item.htm?id=627338168434&ns=1&abbucket=16#detail
心肺复苏模拟人cpr半身急救人工呼吸按压心肺复苏模拟人训练假人,上海,https://g-search3.alicdn.com/img/bao/uploaded/i4/i1/43980582/O1CN01Sx3ucU1GAbBHII0Tn_!!43980582.jpg_360x360Q90.jpg_.webp,https://item.taobao.com/item.htm?id=640634792373&ns=1&abbucket=16#detail
弘德CPR400S-A无线版 大屏幕彩显高级心肺复苏模拟人（无线连接）急救训练人工呼吸假人人体教学模型,浙江 温州,https://g-search3.alicdn.com/img/bao/uploaded/i4/i2/2206426493198/O1CN01BDI9hs1ZUjMTp0KER_!!0-item_pic.jpg_360x360Q90.jpg_.webp,https://detail.tmall.com/item.htm?id=670317206736&ns=1&abbucket=16
Denilco心肺复苏模拟人CPR心脏急救人体训练模型学校考核模拟假人,浙江 宁波,https://g-search3.alicdn.com/img/bao/uploaded/i4/i1/2213980141836/O1CN01boExuk1PQvxtFr7Vb_!!2213980141836.jpg_360x360Q90.jpg_.webp,https://item.taobao.com/item.htm?id=689434543159&ns=1&abbucket=16#detail
无线手机APP心肺复苏模拟人体半全身人工呼吸CPR假人急救演练模。,浙江 金华,https://g-search3.alicdn.com/img/bao/uploaded/i4/i2/2209535119784/O1CN012lZCTm1CfVSAlq5BB_!!108-0-lubanu.jpg_360x360Q90.jpg_.webp,https://item.taobao.com/item.htm?id=702571028534&ns=1&abbucket=16#detail
CPR490心肺复苏模拟人全身急救假人工呼吸训练人体模型,广东 广州,https://g-search1.alicdn.com/img/bao/uploaded/i4/i4/2215455186933/O1CN01Y9HKY4215MkAuzVoq_!!2215455186933.jpg_360x360Q90.jpg_.webp,https://item.taobao.com/item.htm?id=706856101076&ns=1&abbucket=16#detail
心肺复苏模拟人橡胶皮假人体模型胸外按压呼吸急救培训练CPR,浙江 温州,https://g-search3.alicdn.com/img/bao/uploaded/i4/i4/729153829/TB2qg0FXqi5V1BjSspeXXcWPFXa_!!729153829.jpg_360x360Q90.jpg_.webp,https://item.taobao.com/item.htm?id=43196896305&ns=1&abbucket=16#detail
医博高级电脑自动心肺复苏模拟人CPR15590 人工呼吸急救训练模型医学人体模型假人橡皮人心脏复苏模型带遥控,上海,https://g-search1.alicdn.com/img/bao/uploaded/i4/i2/2206780946618/O1CN01DQobXy1yl5ncyyb2Z_!!0-item_pic.jpg_360x360Q90.jpg_.webp,https://detail.tmall.com/item.htm?id=607384712111&ns=1&abbucket=16
温麦医疗CPR15170儿童心肺复苏模拟人急救训练人体模型窒息假人,浙江 温州,https://g-search3.alicdn.com/img/bao/uploaded/i4/i3/2214372952415/O1CN01xY8KNG1Ti7HPinKjA_!!2214372952415.jpg_360x360Q90.jpg_.webp,https://item.taobao.com/item.htm?id=685140843586&ns=1&abbucket=16#detail
CPR全身心肺复苏训练模拟人工呼吸心脏G复苏急救人体模型假人1020,上海,https://g-search1.alicdn.com/img/bao/uploaded/i4/i4/2958686104/O1CN016jyhwF1uxgDxWEYzt_!!2958686104.jpg_360x360Q90.jpg_.webp,https://item.taobao.com/item.htm?id=712707677492&ns=1&abbucket=16#detail
继科心肺复苏模拟人CPR全身心肺训练假人教学急救模型消防演模型,浙江 金华,https://g-search3.alicdn.com/img/bao/uploaded/i4/i2/2211886964622/O1CN01dmA0mh1k0vRdsD5l0_!!0-item_pic.jpg_360x360Q90.jpg_.webp,https://detail.tmall.com/item.htm?id=713125319471&ns=1&abbucket=16
沪模 心肺复苏模拟人半身/全身 cpr急救训练橡皮人工呼吸医学假人 医学模具 复苏人体模型,上海,https://g.alicdn.com/s.gif,https://detail.tmall.com/item.htm?id=588850994308&ns=1&abbucket=16
沪模 心肺复苏模拟人CPR480急救训练模型人工呼吸假人考核打印HUMO/AED99D自动体外除颤仪（训练教学专用）,浙江 温州,https://g.alicdn.com/s.gif,https://detail.tmall.com/item.htm?id=606447983832&ns=1&abbucket=16
心肺按压复苏智能软件版模拟人模型教学假人电工急救培训训练CPR790动画显示,北京,https://g.alicdn.com/s.gif,https://detail.tmall.com/item.htm?id=619951308805&ns=1&abbucket=16
CPR全身半身心肺复苏模拟人工呼吸教学假人心脏复苏急救训练继科,北京,https://g.alicdn.com/s.gif,https://item.taobao.com/item.htm?id=623848256922&ns=1&abbucket=16#detail
益模 2021新款全自动电脑心肺复苏模拟人全身智能复苏考核机 CPR480S实战急救假人,浙江 温州,https://g.alicdn.com/s.gif,https://detail.tmall.com/item.htm?id=631527161579&ns=1&abbucket=16
心肺复苏模拟人CPR全身教学心脏急救训练半身假人工呼吸培训模型,北京,https://g.alicdn.com/s.gif,https://item.taobao.com/item.htm?id=656492225741&ns=1&abbucket=16#detail
半身心肺复苏模拟人医用假人CPR急救训练人体模R型模具全身心复苏,北京,https://g.alicdn.com/s.gif,https://item.taobao.com/item.htm?id=703992220113&ns=1&abbucket=16#detail
CPR全身心肺h复苏训练模拟人工呼吸心脏复苏急救人体模型假人1020,上海,https://g.alicdn.com/s.gif,https://item.taobao.com/item.htm?id=704276713548&ns=1&abbucket=16#detail
半身心肺复苏模拟 人医用假人CPR急救训练人体模型模具全身心复苏,广东 深圳,https://g.alicdn.com/s.gif,https://item.taobao.com/item.htm?id=705567545939&ns=1&abbucket=16#detail
心肺复苏模拟人 CPR急救橡皮假人体按压人工呼吸器全半身教学模型,江苏 无锡,https://g.alicdn.com/s.gif,https://detail.tmall.com/item.htm?id=709999832372&ns=1&abbucket=16
人工呼吸假人 CPR心脏复苏急救训练医学用人体模型心肺复苏模拟人,北京,https://g.alicdn.com/s.gif,https://detail.tmall.com/item.htm?id=557538046736&ns=1&abbucket=16
心肺复苏模拟人全身电脑反馈学校救援队CPR训练用假人390型,浙江 温州,https://g.alicdn.com/s.gif,https://detail.tmall.com/item.htm?id=690013465782&ns=1&abbucket=16
诺贝利奥超新一代液晶彩显心肺复苏模拟人CPR590S急救训练假人,江苏 苏州,https://g-search2.alicdn.com/img/bao/uploaded/i4/i2/2213932002155/O1CN014mOHtq1Rn2K9z8Jgk_!!2213932002155.jpg_360x360Q90.jpg_.webp,https://item.taobao.com/item.htm?id=695506686225&ns=1&abbucket=16#detail
心肺复苏模拟人医学用CPR教学模型人工呼吸假人急救橡皮人模拟人,广东 佛山,https://g-search3.alicdn.com/img/bao/uploaded/i4/i4/2215488030577/O1CN01DyWLur1G8JLZtsyNo_!!2215488030577.jpg_360x360Q90.jpg_.webp,https://item.taobao.com/item.htm?id=705789646461&ns=1&abbucket=16#detail
心肺复苏模拟人CPR 心脏急救人体训练模型 电工急救训练假人,山东 济宁,https://g-search1.alicdn.com/img/bao/uploaded/i4/i2/2215453843378/O1CN01tTqrhn1apAjH5mwaX_!!2215453843378.jpg_360x360Q90.jpg_.webp,https://item.taobao.com/item.htm?id=707134730875&ns=1&abbucket=16#detail
优模YOMO/CPR590心肺复苏模拟人液晶屏显示急救假人培训救生训练,浙江 温州,https://g-search2.alicdn.com/img/bao/uploaded/i4/i2/2215502538597/O1CN01QusQBK2DNTnlGoc7i_!!2215502538597.jpg_360x360Q90.jpg_.webp,https://item.taobao.com/item.htm?id=709120945881&ns=1&abbucket=16#detail
优模YOMO/CPR390心肺复苏模拟人急救假人培训救生训练模型单位实,浙江 温州,https://g-search1.alicdn.com/img/bao/uploaded/i4/i2/2215502538597/O1CN01USx8eb2DNTndNz6Nu_!!2215502538597.jpg_360x360Q90.jpg_.webp,https://item.taobao.com/item.htm?id=709125361821&ns=1&abbucket=16#detail
心肺复苏模拟人工呼吸教学假人半身心脏复苏急救训练全身CPR490,湖北 武汉,https://g-search1.alicdn.com/img/bao/uploaded/i4/i3/2625840554/O1CN01ZBqtvG1FxmFQADbd0_!!0-item_pic.jpg_360x360Q90.jpg_.webp,https://detail.tmall.com/item.htm?id=710477594568&ns=1&abbucket=16
全身心肺复苏模拟人CPR医学演练假人工呼吸半身教学急救培训模型,江苏 无锡,https://g-search3.alicdn.com/img/bao/uploaded/i4/i1/2212603351387/O1CN01jnX5PV1M7IAc6fe6H_!!0-item_pic.jpg_360x360Q90.jpg_.webp,https://detail.tmall.com/item.htm?id=711124016864&ns=1&abbucket=16
CPR490高级全自动电脑心肺复苏模拟人医用急救训练人体模型橡皮假人,上海,https://g-search3.alicdn.com/img/bao/uploaded/i4/i2/2206813196300/O1CN012728dv1wPRy7qdfT4_!!0-item_pic.jpg_360x360Q90.jpg_.webp,https://detail.tmall.com/item.htm?id=674410810657&ns=1&abbucket=16
CPR590液晶显示高级电脑心肺复苏模拟人心电图急救训练人体模型假人,上海,https://g-search1.alicdn.com/img/bao/uploaded/i4/i3/2206813196300/O1CN01yK7QRC1wPRyGOIGU9_!!0-item_pic.jpg_360x360Q90.jpg_.webp,https://detail.tmall.com/item.htm?id=675060115955&ns=1&abbucket=16
继科心肺复苏模拟人CPR全身心肺训练假人教学急救模型消防演模型,江苏 无锡,https://g-search2.alicdn.com/img/bao/uploaded/i4/i4/2201532103101/O1CN01UIBPtV1YmJ15L8H5Q_!!0-item_pic.jpg_360x360Q90.jpg_.webp,https://detail.tmall.com/item.htm?id=705276929703&ns=1&abbucket=16
医训 YX/T437全功能新生儿高级模拟人全功能婴儿心肺复苏CPR及护理操作假人听诊CPR操作训练静脉输液穿刺,上海,https://g-search3.alicdn.com/img/bao/uploaded/i4/i1/2211549081600/O1CN01yZCHdQ1NgqNpy1a7u_!!0-item_pic.jpg_360x360Q90.jpg_.webp,https://detail.tmall.com/item.htm?id=645083035286&ns=1&abbucket=16
益模 心肺复苏模拟人 医学多功能教学急救训练假人体模型 CPR全身半身院前安全演练考核系统橡皮人按压吹气,浙江 温州,https://g-search3.alicdn.com/img/bao/uploaded/i4/i2/2209038526505/O1CN01kBxzSC1xvL2QKs4xu_!!0-item_pic.jpg_360x360Q90.jpg_.webp,https://detail.tmall.com/item.htm?id=629712964864&ns=1&abbucket=16
医博心肺复苏模拟人全身CPR100D半身人工呼吸急救训练教学模型假人 心脏复苏急救模拟人医学人体模型,上海,https://g-search3.alicdn.com/img/bao/uploaded/i4/i1/2206780946618/O1CN01sBfFqj1yl5neGT4Nq_!!0-item_pic.jpg_360x360Q90.jpg_.webp,https://detail.tmall.com/item.htm?id=607385196812&ns=1&abbucket=16
优模YOMO/CPR390心肺复苏模拟人急救假人培训救生训练模型单位实训考核救生训练假人,上海,https://g-search3.alicdn.com/img/bao/uploaded/i4/i2/2211549081600/O1CN01YCL3Zo1NgqR7RUMqR_!!0-item_pic.jpg_360x360Q90.jpg_.webp,https://detail.tmall.com/item.htm?id=665870055402&ns=1&abbucket=16
弘德HD/AED98D+自动体外模拟除颤与CPR半身心肺复苏模拟人训练组合人工呼吸心脏起搏急救教学假人体模型,浙江 温州,https://g-search3.alicdn.com/img/bao/uploaded/i4/i1/2206426493198/O1CN01h44KW21ZUjIzXkcvw_!!0-item_pic.jpg_360x360Q90.jpg_.webp,https://detail.tmall.com/item.htm?id=648205833757&ns=1&abbucket=16
CPR100半身心肺复苏模拟人应急培训假人医用人体模型心脏急救训练,浙江 温州,https://g-search3.alicdn.com/img/bao/uploaded/i4/i4/2206426493198/O1CN01ep95n91ZUjN8Fdao7_!!0-item_pic.jpg_360x360Q90.jpg_.webp,https://detail.tmall.com/item.htm?id=674103548491&ns=1&abbucket=16
心肺复苏模拟人CPR490急救训练假人医学用人工呼吸演练人体模型,浙江 温州,https://g-search1.alicdn.com/img/bao/uploaded/i4/imgextra/i3/2917370030/O1CN01YxR1yS1C5mgB1lV3e_!!0-saturn_solar.jpg_360x360Q90.jpg_.webp,https://click.simba.taobao.com/cc_im?p=cpr%BC%D9%C8%CB&s=1849907713&k=961&e=c2lwiTQ4V3R%2F0%2BcVqBaJI48GalFp%2BoWylPyenat4bLn7f0Hx11cetpiJ%2BULTyJf%2FPuqbyAgeTLz%2B6EMz7t4%2BYUdrsCGels4Xxj8GxtuCicBo%2FKMAodz3B%2BcZBH4aFvabgTvpfSAkEYk81eomakq07KqBIV%2F9D0pnQLCJ9I4ZQIGbXjNOL9faoFOKwkeQ0iZT9mb2Ncfk2gdAOuOsxMA7WGE8ysLtg4ln46B0Hd52eZefLT5ydVK6qWAkCuJOGSzGsgOYvhdBh%2BzzQK4hF3c5%2FtjayeVQFCnK0zs2ZEvG893%2BNxz0S2WD9BW8xk1YtJ0vNI%2BaEaAVIZK%2FO05UQXvEk3j%2BDgH6eNtJCEoanZHBBBzGJOvjhO%2B19PQdK77Ypzb7xPLfDYdoVvghgwQkJUp%2B6bxxT8ovWylUmgff3ptTNOENxOdvI12hoh34KMYaw%2B0eF2kNYFZTzvXjV5HfwhYTJqGmDhwsLxHBUzGzOHfKKmt4oVu02csMBZiyFQbHnQ5yfMqOLkCFjHTq33WNcPU1PZu1JnP8%2FoNZIe7ATAJZE8hJMKCY7rSV8lQthkxpkaXm2F0WUq8CZRwzUoMWV%2F7Xb7jF6yJuQfS909AbnSTA1HlWaPS%2B3DEhSLxpKSUO%2BXRdgSUhnwpgsC5NEvuzAnzGNLLsmfXXC3yLtVmS4GHWWRCDj6umN46pEx5dD1lJnj7E35aevKs2LP1tZf7IG%2BM%2BnC24KA3tm%2BBeQjUJOC0quMT20VoSR415JudkSxvdPe5FOGRA9hrPspf5cYyLzOv8IdIIdJB0XnBy0H8Gqdquig2ccZgXirDOjMyEgOstUu2Uh5pXXrB7LUJ9eqb1qFLBULbMGCah67a4pUHjSNIskaEnrGclErvGdVl4XrD3b1MfDHhGFiYd1BJDi2HC70dAyPlrPonh%2F%2FpAHlxDmJTkV%2FA2%2Baj2oew9fElHTabFw95n#detail
心肺复苏模拟人工呼吸教学假人半身心脏复苏急救训练全身CPR490,北京,https://g-search1.alicdn.com/img/bao/uploaded/i4/imgextra/i1/128177215/O1CN014NpK0b23AWPFhvlXb_!!0-saturn_solar.jpg_360x360Q90.jpg_.webp,https://click.simba.taobao.com/cc_im?p=cpr%BC%D9%C8%CB&s=1849907713&k=961&e=YZbrY%2FSWELB%2F0%2BcVqBaJI48GalFp%2BoWylPyenat4bLn7f0Hx11cetpiJ%2BULTyJf%2F80Fb%2BE9qU1prsMbdhf9c65Eotf8ZAxyKxj8GxtuCicBo%2FKMAodz3B%2BcZBH4aFvabgTvpfSAkEYk81eomakq07KqBIV%2F9D0pnQLCJ9I4ZQIGbXjNOL9faoFOKwkeQ0iZT9mb2Ncfk2gdAOuOsxMA7WGE8ysLtg4ln46B0Hd52eZefLT5ydVK6qWAkCuJOGSzGsgOYvhdBh%2BzzQK4hF3c5%2FtjayeVQFCnK0zs2ZEvG893%2BNxz0S2WD9JFMUqjbZHnOmh1zXZg1jyoOaEOYkamg8p2Gl2OOxscKaQFZ7OlMMwgLRVNsCqkpkrXTkLUJNykDD1tqrY41jM0hgwQkJUp%2B6bxxT8ovWylUmgff3ptTNOENxOdvI12hoh34KMYaw%2B0eybV9y30kiYXhEct58%2B6XzaGmDhwsLxHBUzGzOHfKKmuvZy4F7looQzZxAjZ1n0tYb2XWLJzj0Nx1OXD6E19V0v4WwhXz0NGc1KhPKmkKevcCzG2BUCgIertULqKoEu7JzYleZw6Ij25W8oq1Xt159HPqvnfcYBpsdnk5ZdKGdceC05tSWyF9p4%2BuLcplfNDi7Vg7qHRDwCS6a%2BWYvHsW7Es0lvSxcuT5VkqvqPKP7leqLzKzLrjdI04RZTfkQ88vfJ0L2Nl%2FEU44WZHSoD0o1MeLoRIT2eh%2BhFOvT9DAan%2FABqAzQsBQLHvrSLfyNm74njjfJCFf3sX5cYyLzOv8IWtASj2x7p9uL0AfH1teM0r4sOBBkzeGGUbn2bxoYLJWUTGI4Yz51u6Eq7NJ55k6srUJipdW42GnEqcXdBPwsuLtd%2F0Z7W7de0yp%2BBmBqGTD4MNHDx3FIrg3No2cFbujDXDCUYgDYurMERZtm%2F6F3L1VmrOiD664ABz1C8OdRTOA#detail
护理模拟人护士打针输液导尿插胃管鼻饲,浙江 温州,https://g-search1.alicdn.com/img/bao/uploaded/i4/imgextra/i1/28902000/O1CN01i3Ytey1Qe2nQhxNzN_!!0-saturn_solar.jpg_360x360Q90.jpg_.webp,https://click.simba.taobao.com/cc_im?p=cpr%BC%D9%C8%CB&s=1849907713&k=941&e=ijoaNCJVt11%2F0%2BcVqBaJI48GalFp%2BoWylPyenat4bLn7f0Hx11cetpiJ%2BULTyJf%2F80Fb%2BE9qU1puVj1VVqVfq3aUxwn9oiSZdSQLXMEuDbpo%2FKMAodz3B%2BcZBH4aFvabgTvpfSAkEYk81eomakq07KqBIV%2F9D0pnQLCJ9I4ZQIGbXjNOL9faoFOKwkeQ0iZT9mb2Ncfk2gdAOuOsxMA7WGE8ysLtg4ln46B0Hd52eZefLT5ydVK6qY%2BoDMz1Y9CJClKrNyCNCzf6Cgtc%2F8WTrb0zZdc7qctMglM7IVTrooTn81iYCi%2B2974roo%2FYv0cwo9Smn6eGms4uIxv%2FCFmDzdKQbbRDKitMvbJ3OyTKRmMUOsV2CIc9oBmkaTri%2Fa6bj92nEuKP2Gg9djKlbV0TYPJK%2FuXWT4P48rYdiNqWF9zcPS71k%2Bx2tUnjcSiC8oYpviuij9i%2FRzASqPZvLI7Hl2AQwZEaeltF9GK1%2BwUIdBOiN7vZa%2BHYicX5YBprrsJsZKJWeL3Kqaaae88f7JZNJk%2FLClJk1PKW3gBScl5dN%2BZPfnMy5xvFHJu2aEkILJctMbwjTErk6324Yb%2F%2FLasXqe1%2Fbu6yIiyC5OeeZaB%2FR0FItb00nkgrY7Prmclv1l78FwcTMXEf59%2BXH8GE37Kr%2BlzEvVO%2FYhRwV2EVYelgYff%2FjyZCEvlPUFbgUjSsoSpmsv4PUu5lzBrzX%2FH%2FnJk0%2B2uV6Ws5XBHFz5jABpwcA%2FdLLYj1KUzpAU3R5M%2Ft6QDnpB7S%2FuUwUgohDqKIIaUJ4q825TCQjBudtVrSwMKLMV64vlArtnnnphCVS5vfjBvmiwKkLCNIYaulwTLZcNgYzJqaLb0gihvIFqPbRVx6zVIV4xqV%2FReEEORcfBfyV4PcnN8ef6WleiFyp1hzLtH3FV8Q6M%2BjUzrqlIuBjpEOCSE%3D#detail
CPR全身心肺h复苏训练模拟人工呼吸心脏复苏急救人体模型假人1020,上海,https://g-search3.alicdn.com/img/bao/uploaded/i4/i2/4292594823/O1CN01tZuOun1lUz2fq7R60_!!4292594823.jpg_360x360Q90.jpg_.webp,https://item.taobao.com/item.htm?id=704276713548&ns=1&abbucket=16#detail
心肺复苏模拟人CPR全身心z肺训练假人教学急救模型消防演模型,北京,https://g-search1.alicdn.com/img/bao/uploaded/i4/i3/4292594823/O1CN011jsjqK1lUz2ZDjsWN_!!4292594823.jpg_360x360Q90.jpg_.webp,https://item.taobao.com/item.htm?id=704289845319&ns=1&abbucket=16#detail
优模YOMO/CPR390心肺复苏模拟人急救假人培训救生训练模型单位实,浙江 温州,https://g-search1.alicdn.com/img/bao/uploaded/i4/i1/2215502538597/O1CN01BybdZT2DNTndO33pC_!!2215502538597.jpg_360x360Q90.jpg_.webp,https://item.taobao.com/item.htm?id=709324146490&ns=1&abbucket=16#detail
心肺复苏模拟人工呼吸教学假人半身心脏复苏急救训练全身CPR490,湖北 武汉,https://g-search3.alicdn.com/img/bao/uploaded/i4/i3/2625840554/O1CN01ZBqtvG1FxmFQADbd0_!!0-item_pic.jpg_360x360Q90.jpg_.webp,https://detail.tmall.com/item.htm?id=710477594568&ns=1&abbucket=16
全身心肺复苏模拟人CPR医学演练假人工呼吸半身教学急救培训模型,江苏 无锡,https://g-search3.alicdn.com/img/bao/uploaded/i4/i1/2212603351387/O1CN01jnX5PV1M7IAc6fe6H_!!0-item_pic.jpg_360x360Q90.jpg_.webp,https://detail.tmall.com/item.htm?id=711124016864&ns=1&abbucket=16
全身心肺复苏模拟人CPR医学演练假人工呼吸半身教学急救培训模型,江苏 无锡,https://g-search3.alicdn.com/img/bao/uploaded/i4/i2/2211190634008/O1CN01MM6Kyn1fTiGEHg2b1_!!0-item_pic.jpg_360x360Q90.jpg_.webp,https://detail.tmall.com/item.htm?id=712602389117&ns=1&abbucket=16
沪模 cpr心肺复苏模拟人工呼吸胸外按压人体模型 安全急救培训用橡皮人 院前医学实训假人HUMO/CPR390B,上海,https://g-search3.alicdn.com/img/bao/uploaded/i4/i3/2200537816372/O1CN01BcTS7j1wwQLaYxDYJ_!!0-item_pic.jpg_360x360Q90.jpg_.webp,https://detail.tmall.com/item.htm?id=583817215622&ns=1&abbucket=16
心肺复苏模拟人全身半CPR心脏胸外按压体模特医学用触电急救假人,福建 泉州,https://g-search3.alicdn.com/img/bao/uploaded/i4/i3/2212722851128/O1CN01Z2PzpR1KCfaEJzWrJ_!!0-item_pic.jpg_360x360Q90.jpg_.webp,https://detail.tmall.com/item.htm?id=708298055441&ns=1&abbucket=16
心肺复苏模拟人工呼吸教学假人半身心脏复苏急救训练全身CPR490,江苏 无锡,https://g-search1.alicdn.com/img/bao/uploaded/i4/i1/2212603351387/O1CN01ZcQvn11M7IAeYCqKB_!!0-item_pic.jpg_360x360Q90.jpg_.webp,https://detail.tmall.com/item.htm?id=711575638258&ns=1&abbucket=16
心肺复苏模拟人全身半身CPR急救演练训练假人工呼吸按压人体模型,江苏 无锡,https://g-search2.alicdn.com/img/bao/uploaded/i4/i2/2211190634008/O1CN01IYNxMS1fTiGCSjFEr_!!0-item_pic.jpg_360x360Q90.jpg_.webp,https://detail.tmall.com/item.htm?id=712378080920&ns=1&abbucket=16
CPR590S心肺复苏模拟人训练假人救护培训模型急救人工呼吸橡皮人,上海,https://g-search3.alicdn.com/img/bao/uploaded/i4/i4/43980582/TB280s.c_nI8KJjSszbXXb4KFXa_!!43980582.jpg_360x360Q90.jpg_.webp,https://item.taobao.com/item.htm?id=712491544964&ns=1&abbucket=16#detail
心肺复苏模拟人CPR急救护理模型心肺复苏模型人工呼吸急救假人,江苏 无锡,https://g-search2.alicdn.com/img/bao/uploaded/i4/i4/2212927302851/O1CN01Sgs2SY1Wvo0vX8fxt_!!0-item_pic.jpg_360x360Q90.jpg_.webp,https://detail.tmall.com/item.htm?id=712340220131&ns=1&abbucket=16
心肺复苏模拟人工呼吸教学假人半身心脏复苏急救训练全身CPR490,江苏 无锡,https://g-search3.alicdn.com/img/bao/uploaded/i4/i2/2207662516957/O1CN01lg3HFD21GMGFdMgza_!!0-item_pic.jpg_360x360Q90.jpg_.webp,https://detail.tmall.com/item.htm?id=712354980189&ns=1&abbucket=16
心肺复苏模拟人半身全人工呼吸心脏按压急救演练假人模特型CPR690,江苏 无锡,https://g.alicdn.com/s.gif,https://detail.tmall.com/item.htm?id=712397948452&ns=1&abbucket=16
心肺复苏模拟人半身全人工呼吸心脏按压急救演练假人模特型CPR690,江苏 无锡,https://g.alicdn.com/s.gif,https://detail.tmall.com/item.htm?id=712669357967&ns=1&abbucket=16
心肺复苏模拟人CPR急救护理模型心肺复苏模型人工呼吸急救假人,江苏 无锡,https://g.alicdn.com/s.gif,https://detail.tmall.com/item.htm?id=712914666936&ns=1&abbucket=16
心肺复苏模拟人CPR急救橡皮假人体按压人工呼吸器全半身教学模型,广东 广州,https://g.alicdn.com/s.gif,https://detail.tmall.com/item.htm?id=713167891970&ns=1&abbucket=16
全身简易CPR110心肺复苏模拟人人工呼吸训练假人心脏按压人体模型,上海,https://g.alicdn.com/s.gif,https://item.taobao.com/item.htm?id=14922141641&ns=1&abbucket=16#detail
沪模 cpr心肺复苏模拟人工呼吸胸外按压人体模型 院前医学实训假人 安全急救训练橡皮人CPR690S+遥控器锂电池,上海,https://g.alicdn.com/s.gif,https://detail.tmall.com/item.htm?id=583527273428&ns=1&abbucket=16
心肺复苏模拟人 CPR急救护理模型 心肺复苏模型 人工呼吸急救假人,上海,https://g.alicdn.com/s.gif,https://detail.tmall.com/item.htm?id=712473952579&ns=1&abbucket=16
心肺复苏模拟人半身全人工呼吸心脏按压急救演练假人模特型CPR690,广东 广州,https://g.alicdn.com/s.gif,https://detail.tmall.com/item.htm?id=712740685076&ns=1&abbucket=16
心肺复苏模拟人半身全人工呼吸心脏按压急救演练假人模特型CPR690,江苏 无锡,https://g.alicdn.com/s.gif,https://detail.tmall.com/item.htm?id=712852226902&ns=1&abbucket=16
心肺复苏模拟人胸外按压心脏起搏急救训练假人体模型CPR665A,上海,https://g.alicdn.com/s.gif,https://item.taobao.com/item.htm?id=712584516832&ns=1&abbucket=16#detail
CPR690心肺复苏模拟人急救训练模型人工呼吸橡皮假人模型人体模型,上海,https://g.alicdn.com/s.gif,https://item.taobao.com/item.htm?id=713030174922&ns=1&abbucket=16#detail
简易半身心肺复苏模拟人急救训练假人体模型CPR人工呼吸培训模具,上海,https://g.alicdn.com/s.gif,https://item.taobao.com/item.htm?id=713030670251&ns=1&abbucket=16#detail
高级全自动电脑心肺复苏模拟人CPR490消防演练人体模型急救假人,上海,https://g-search2.alicdn.com/img/bao/uploaded/i4/i2/737433980/TB2qPVceBnTBKNjSZPfXXbf1XXa_!!737433980.jpg_360x360Q90.jpg_.webp,https://item.taobao.com/item.htm?id=713034938579&ns=1&abbucket=16#detail
心肺复苏模拟人CPR390操作假人工呼吸急救训练T模型教学训练专用,上海,https://g-search3.alicdn.com/img/bao/uploaded/i4/i1/43980582/TB2n0iUaMnD8KJjy1XdXXaZsVXa_!!43980582.jpg_360x360Q90.jpg_.webp,https://item.taobao.com/item.htm?id=713239947927&ns=1&abbucket=16#detail
全身心肺复苏模拟人 急救演练人工呼吸 按压训练假人体模型CPR620,北京,https://g-search1.alicdn.com/img/bao/uploaded/i4/i1/3043639422/O1CN01n8PnsC2JTKYx7DHs5_!!3043639422.jpg_360x360Q90.jpg_.webp,https://item.taobao.com/item.htm?id=613829326393&ns=1&abbucket=16#detail
泰贵医学TG/CPR150婴儿梗塞模型小儿海姆立克急救医用训练假人,上海,https://g-search2.alicdn.com/img/bao/uploaded/i4/i1/2206617778692/O1CN01l0EhuI2E4zIMa0TEa_!!2206617778692.jpg_360x360Q90.jpg_.webp,https://item.taobao.com/item.htm?id=643330241740&ns=1&abbucket=16#detail
#心肺复苏模拟人半身全人工呼吸心脏按压急救演练假人模特型CPR690,江苏 无锡,https://g-search3.alicdn.com/img/bao/uploaded/i4/i1/2204940968204/O1CN01s3WUtY2ATU9CEkMej_!!0-item_pic.jpg_360x360Q90.jpg_.webp,https://detail.tmall.com/item.htm?id=708758836145&ns=1&abbucket=16
CPR心肺复苏模拟人急救医学用全身人体教学半身模型人工呼吸假人,湖北 武汉,https://g-search3.alicdn.com/img/bao/uploaded/i4/i4/2215332075235/O1CN01X1A5Xu1oXgEX9zLyf_!!2215332075235.jpg_360x360Q90.jpg_.webp,https://item.taobao.com/item.htm?id=711429728442&ns=1&abbucket=16#detail
CPR100心肺复苏模拟人半身心脏起搏急救训练人工呼吸假人体模型,上海,https://g-search3.alicdn.com/img/bao/uploaded/i4/i2/2206813196300/O1CN01dpPvqw1wPRxiJDIPe_!!0-item_pic.jpg_360x360Q90.jpg_.webp,https://item.taobao.com/item.htm?id=712592632667&ns=1&abbucket=16#detail
电子半身心肺复苏模拟人急救训练按压医教学假人体模型CPR200S,上海,https://g-search3.alicdn.com/img/bao/uploaded/i4/i3/2958686104/O1CN01HcRmHO1uxgDwMyeKu_!!2958686104.jpg_360x360Q90.jpg_.webp,https://item.taobao.com/item.htm?id=712601048879&ns=1&abbucket=16#detail
心肺复苏模拟人CPR590培训考核人工呼吸假人急救练习人体模型,浙江 温州,https://g-search1.alicdn.com/img/bao/uploaded/i4/i4/2210798447885/O1CN01uBgBxa287Ndt9NTsg_!!2210798447885.jpg_360x360Q90.jpg_.webp,https://item.taobao.com/item.htm?id=712601628913&ns=1&abbucket=16#detail
CPR190心肺复苏模拟人半身医教假人急救训练心脏复苏人体模型人,上海,https://g-search3.alicdn.com/img/bao/uploaded/i4/i4/43980582/TB2gO6obcbI8KJjy1zdXXbe1VXa_!!43980582.jpg_360x360Q90.jpg_.webp,https://item.taobao.com/item.htm?id=712608676919&ns=1&abbucket=16#detail
CPR590液晶彩显高级电脑心肺复苏模拟人实战考核CPR急救假人,上海,https://g-search1.alicdn.com/img/bao/uploaded/i4/i3/737433980/O1CN01t0PadD1fGssFLwccX_!!737433980.jpg_360x360Q90.jpg_.webp,https://item.taobao.com/item.htm?id=712850169139&ns=1&abbucket=16#detail
继科心肺复苏模拟人CPR全身心肺训练假人教学急救模型消防演模型,湖北 武汉,https://g-search1.alicdn.com/img/bao/uploaded/i4/i1/2212460612197/O1CN019nVj4j1S6GzIqSfHd_!!0-item_pic.jpg_360x360Q90.jpg_.webp,https://detail.tmall.com/item.htm?id=712855153197&ns=1&abbucket=16
医博心肺复苏模拟人全身人工呼吸急救训练模型假人橡皮人CPR480心,上海,https://g-search3.alicdn.com/img/bao/uploaded/i4/i3/2206780946618/O1CN01n1TsA01yl5tTmwKv0_!!0-item_pic.jpg_360x360Q90.jpg_.webp,https://item.taobao.com/item.htm?id=713041822982&ns=1&abbucket=16#detail
继科半身心肺复苏模拟人 医院急救人体模型人工呼吸假人CPR橡皮人,北京,https://g-search1.alicdn.com/img/bao/uploaded/i4/i3/2215650945955/O1CN01j6g64J1trROz08p7K_!!2215650945955.jpg_360x360Q90.jpg_.webp,https://item.taobao.com/item.htm?id=713052922674&ns=1&abbucket=16#detail
心脏复苏模拟肺训练模型婴儿人全身心儿童cpr阻塞假人及急救教学,广东 中山,https://g-search3.alicdn.com/img/bao/uploaded/i4/i2/2211218183939/TB1rhh9jQ9l0K4jSZFKq6xFjpXa?_!!0-item_pic.jpg=undefined_360x360Q90.jpg_.webp,https://item.taobao.com/item.htm?id=647924762345&ns=1&abbucket=16#detail
CPR心肺复苏模拟人全身急救训练培训假人医考模型AED除颤仪训练机,天津,https://g-search2.alicdn.com/img/bao/uploaded/i4/i2/2200629255883/O1CN01NKN0oD1tKSrIPPNnk_!!2200629255883.jpg_360x360Q90.jpg_.webp,https://item.taobao.com/item.htm?id=695763484540&ns=1&abbucket=16#detail
高级婴儿儿童心肺复苏模拟人婴儿梗塞气道阻塞急救及CPR训练模型,北京,https://g-search1.alicdn.com/img/bao/uploaded/i4/imgextra/i1/128177215/O1CN01exrYfa23AWImCtDg6_!!0-saturn_solar.jpg_360x360Q90.jpg_.webp,https://click.simba.taobao.com/cc_im?p=cpr%BC%D9%C8%CB&s=1372735582&k=961&e=3luZwe1P3CMEP259jaStf0dPsH1Ae35ZgmYUBs7RcD72ilKPANMc9PvJ5Mo5NcmhRk8iOhMlFa2qDWlOt9CE7L5O1Ee0BxqxXvTSM1cpty2x%2BqP0eA5WC8b%2BepeL9akiYi5aQjGq6b2oJ3kHlyndj%2FMWviaoUHIa8gUWHWQix%2F%2FZXwHh6%2F9B56Ud5b3UDcL4CfCjuWAEx%2Bv%2B2PsGofb8itWjBHbuMbiecDbuFsq%2BhC9acTSiV4AtiewrbJWVUnhbfuToQi9YyLx4vk%2BJHhJ%2F9TOuqw2vPkJuxK3dA%2BQcEebFMSerB8Wf6lag0s5WJfCECMORVUeKjN3tyEKuV1ENOULHNLuTGBQpKSKYiKSkggBdN33a%2Brd6DpjtEugQFGMWEduvRtABTIcLGThu1pKHQy0884FsV0thOgmwz0LX7gnfTuUaJ6x1ABKlDPp84ki6Dw%2FUC7BSNgOSyvDCg6Wkd9ckV1Vf4cHyEMFEvyZe8cFSWYW6WxY0RaEG%2BU3WKMW0Fy1D9ME183431UY2FlmwkHy8%2FEINwEJ7hMEXs2lkGyjID0OEdDw%2F4bCLab0JROn344TpgCudzer6jkqNRuFkUJJ7PXDDZMGwu8ijArrs7sXW39GUXrJ0o4NudnN%2Bsx0VsU15c%2FlCtn0T4TkBGbZyI5qq%2B4l1q8FI5r%2F92kgpuTowjK0lpN2XicXxManqSUCGcq2kesCzWElfpxCjIroHxNC8a%2FKUjfs%2FQc4TDsDl3xNrXePIdkyb%2BA1T88o4hgJ3BL3ENarfcDEpWp5EgCG9IsGkw2wzu2anmdpFNBZ9DZMFd%2BKNiEAbHJ%2Fv1mrwUMueZMi2jbaAZPHY2KdAnNh92754PFIsx6GEdRSm6FN2oOHFwnEFNzlKJZkkV9dfIcrUfRguxpuDDASUH6f55CEwHZKz4qGWAEccMa33iABsyzkk0jrg3LS8L6kLxTbQ8udf#detail
穿刺及气管切开插管训练模型医考教学假人,浙江 温州,https://g-search1.alicdn.com/img/bao/uploaded/i4/imgextra/i4/28902000/O1CN01wjYvZO1Qe2nhf3BN4_!!0-saturn_solar.jpg_360x360Q90.jpg_.webp,https://click.simba.taobao.com/cc_im?p=cpr%BC%D9%C8%CB&s=1372735582&k=985&e=2Gb1NFSjJxsEP259jaStf0dPsH1Ae35ZgmYUBs7RcD72ilKPANMc9PvJ5Mo5NcmhRk8iOhMlFa3v2%2FQ%2B%2F4Y1cX0YZRTBt94PB0uKGmFWsZOx%2BqP0eA5WC8b%2BepeL9akiYi5aQjGq6b2oJ3kHlyndj%2FMWviaoUHIa8gUWHWQix%2F%2FZXwHh6%2F9B56Ud5b3UDcL4CfCjuWAEx%2Bv%2B2PsGofb8itWjBHbuMbiecDbuFsq%2BhC9acTSiV4Atie7478Tf8r6TL%2BiXOGsPnH8mnRmE2XJkbWSfxjqvopYpa3ezo7RbpZE91OWceyMf6ihXt4fkTEmpFiRem7FfhFODrCzlWWnhL85Tytu9HQHwr7d1cMraZCXrnQyAIyaCWvbY%2Bo1pKdkGaVzcBPE7y4kZ4%2BS27%2FnO54S2SDuMDBov4PmVah5LHjLAobCC1k4fQTY7bZwDtZXIAhnSQcGdjrHt62pxDXyyPCrY%2BLP9Ei81oS%2FOgbCxBYvG7F%2FZy0uhVzobOLiVY5%2B8ZrjASzwKO%2BKLGVqai4GodflDUWQ7Izsr5ombI8mP19HHavpBHCclrP%2BHJktP2ipI%2FiYjkgMWG9G%2F0lm46arJ3BObvTM9vKvD2W3zmgjK2AxqLM3uNWoKKe8mSF5X%2BekBUcNyUppDLGlMQyf2i7wL0KC2vtgjewJYV89j%2BDxfyEAoWMl7IzIufvOCc4aa2AevoPQs08qIuk3CEaHApUwm4bS6KGU4SdKD29SkZg6yAI3MxeyiXeuYjpg75WUQ7ye0Ry1C3nfT4w3hmxFbamBDiJSwZbcx566r0jeXZgbG8QTmgpLRbHBtfX3PwEJhgKTgCHKyEAPlF0Nh5jHmMD1SwuJkIPC8MU2pcsqvHO17g3hsSiWwsWalSdH5icYpbgwDxcJxBTc5SiWZJFfXXyHK1H0YLsabgwwElB%2Bn%2BeQhMB2Ss%2BKhlgBHHDGt94gAbMs5JNI64Ny0vC%2BpC8U20PLnXw%3D%3D#detail
心肺复苏模拟人急救医用心肺复苏模型人除颤AED训练模型橡皮人,北京,https://g-search1.alicdn.com/img/bao/uploaded/i4/imgextra/i1/126109104/O1CN01jRPKBX2H7gbAd9Hnl_!!0-saturn_solar.jpg_360x360Q90.jpg_.webp,https://click.simba.taobao.com/cc_im?p=cpr%BC%D9%C8%CB&s=1372735582&k=961&e=JGZuP1hPJbQEP259jaStf0dPsH1Ae35ZgmYUBs7RcD72ilKPANMc9PvJ5Mo5NcmhRk8iOhMlFa2eY04ly8jbl2%2B8Hvp4olZ%2FXvTSM1cpty2x%2BqP0eA5WC8b%2BepeL9akiYi5aQjGq6b2oJ3kHlyndj%2FMWviaoUHIa8gUWHWQix%2F%2FZXwHh6%2F9B56Ud5b3UDcL4CfCjuWAEx%2Bv%2B2PsGofb8itWjBHbuMbiecDbuFsq%2BhC9acTSiV4AtiewrbJWVUnhbfuToQi9YyLx4vk%2BJHhJ%2F9TOuqw2vPkJuxK3dA%2BQcEebFMSerB8Wf6tv5neZ4YNFuG%2BDA6MTs4y9nDHPa6JlUFji58Zq0wkY3M6drTqar2IpFvpzukrkXS6nSVAbnweXNPavBcWPMIaILGThu1pKHQy0884FsV0thOgmwz0LX7gnfTuUaJ6x1ABKlDPp84ki63Atoihj1H2JCSrQqe%2FD%2BntckV1Vf4cHyEMFEvyZe8cF8w2hS1IZTzjgRbuuu19fRIsxKaxQHkOq6k0csF%2FAWgsrRNu6NwaNwSkjNb4u%2FoXD5qo3lMRLaIXmTvr2LlqgcoKxd2DSZplDID8%2FnhLMlJl2xuczWAjivtxqRLb9yevO6nHnzEJv5OFF6gnXQx4ozmnC9UFgI6RI2aY3n56ktmvucmNDA%2BAt%2Bw2dp0pbg%2FbjyVkVckN%2F9Q%2B3RyXuNXQyuQGjn9C%2B9XS6LNJjJBnHr6HiThUFXFiuXKaCIw%2BIVS%2FipGp4qUV1Gj6SnBp7BAGumt6c9sMsLODa1FvQ%2FIvi2EUq6WO%2B%2B3EDsskf%2BL3wvQtrlPdJQg8I%2FGj8O%2FKmgq5uO3h7nTkLYf%2FaDIGpW7LAkh5hbJsbTw9vmJX3cPgZrEWPsjMdkKnF3eDwJ6ZzQwibWFxpIIf9ztuRT6lCg6BZfDxBywAbF9N3Vh9D5Tax2c9FgsULZgvA3ax52mi3PeIhK#detail
正品高级全自动电脑心肺复苏训练模拟人模型急救模型假人CPR480,上海,https://g-search2.alicdn.com/img/bao/uploaded/i4/i1/737433980/TB27cK5k25TBuNjSspmXXaDRVXa_!!737433980.jpg_360x360Q90.jpg_.webp,https://item.taobao.com/item.htm?id=712592196417&ns=1&abbucket=16#detail
心肺复苏模拟人cpr半全身急救人工呼吸按压医学训练伤员假人690S,湖北 武汉,https://g-search3.alicdn.com/img/bao/uploaded/i4/i1/2212460612197/O1CN01bNZxee1S6GzIpSdDL_!!0-item_pic.jpg_360x360Q90.jpg_.webp,https://detail.tmall.com/item.htm?id=712599808891&ns=1&abbucket=16
CPR480心肺复苏模拟人心脏急救人体训练模型电子计数人工呼吸假人,山东 菏泽,https://g-search1.alicdn.com/img/bao/uploaded/i4/i4/4120866976/O1CN01C5niTk21P3mkXYXgm_!!0-item_pic.jpg_360x360Q90.jpg_.webp,https://detail.tmall.com/item.htm?id=712996242074&ns=1&abbucket=16
AED自动体外模拟除颤与CPR模拟人训练组合心肺复苏医学假人模型,上海,https://g-search3.alicdn.com/img/bao/uploaded/i4/i1/2206813196300/O1CN01AGwyAT1wPS1F9GX9D_!!0-item_pic.jpg_360x360Q90.jpg_.webp,https://detail.tmall.com/item.htm?id=696960795354&ns=1&abbucket=16
泰贵医学TG/CPR110全身心肺复苏模拟人培训练习用急救心脏起搏假人体模型,上海,https://g-search3.alicdn.com/img/bao/uploaded/i4/i2/2206813196300/O1CN01KdNeMw1wPRuuaDB4H_!!0-item_pic.jpg_360x360Q90.jpg_.webp,https://detail.tmall.com/item.htm?id=654680318872&ns=1&abbucket=16
心肺复苏模拟人胸外按压心脏起搏急救训I练假人体模型CPR665A,上海,https://g-search2.alicdn.com/img/bao/uploaded/i4/i2/4292594823/O1CN01FqnFJO1lUz2XqqfR5_!!4292594823.jpg_360x360Q90.jpg_.webp,https://item.taobao.com/item.htm?id=704528950242&ns=1&abbucket=16#detail
CPR心肺复苏模拟人急救医学用全身人体教学N半身模型人工呼吸假人,北京,https://g-search3.alicdn.com/img/bao/uploaded/i4/i2/4292594823/O1CN01r6xY2E1lUz2akEIeg_!!4292594823.jpg_360x360Q90.jpg_.webp,https://item.taobao.com/item.htm?id=704733691924&ns=1&abbucket=16#detail
优模YOMO/CPR390心肺复苏模拟人急救假人培训救生训练模型单位实,浙江 温州,https://g-search3.alicdn.com/img/bao/uploaded/i4/i1/2215502538597/O1CN01BybdZT2DNTndO33pC_!!2215502538597.jpg_360x360Q90.jpg_.webp,https://item.taobao.com/item.htm?id=709324146490&ns=1&abbucket=16#detail
心肺复苏模拟人全身半身CPR急救演练训练假人工呼吸按压人体模型,江苏 无锡,https://g-search3.alicdn.com/img/bao/uploaded/i4/i1/2211190634008/O1CN019IAGDF1fTiGDeJpsa_!!0-item_pic.jpg_360x360Q90.jpg_.webp,https://detail.tmall.com/item.htm?id=712616005142&ns=1&abbucket=16
沪模HUMO/CPR110心肺复苏模拟人医学教学模型急救培训人体模型CPR安全急救训练假人橡皮人普及型心肺复苏练习,上海,https://g-search3.alicdn.com/img/bao/uploaded/i4/i1/2200537816372/O1CN01rX91NG1wwQK3qXYJG_!!0-item_pic.jpg_360x360Q90.jpg_.webp,https://detail.tmall.com/item.htm?id=583541449780&ns=1&abbucket=16
沪模 cpr心肺复苏模拟人工呼吸胸外按压人体模型 院前医学实训假人 安全急救培训用橡皮人 HUMO/CPR690S标配,上海,https://g-search2.alicdn.com/img/bao/uploaded/i4/i3/2200537816372/O1CN01B1C0KC1wwQIfDz8AP_!!0-item_pic.jpg_360x360Q90.jpg_.webp,https://detail.tmall.com/item.htm?id=583657774624&ns=1&abbucket=16
心肺复苏模拟人CPR急救护理模型心肺复苏模型人工呼吸急救假人,广东 广州,https://g-search1.alicdn.com/img/bao/uploaded/i4/i2/2212773293679/O1CN01jJplkc1d31xOLMpCY_!!0-item_pic.jpg_360x360Q90.jpg_.webp,https://detail.tmall.com/item.htm?id=713168567753&ns=1&abbucket=16
"心肺复苏模拟人全身CPR500,急救人体模型触电急救假人",上海,https://g-search1.alicdn.com/img/bao/uploaded/i4/i2/410896281/O1CN01zpC3OT1wGkGl2OScq_!!410896281.jpg_360x360Q90.jpg_.webp,https://item.taobao.com/item.htm?id=712581512193&ns=1&abbucket=16#detail
CPR400安全培训假人心肺复苏胸外按压心肺复苏模拟人应急救援模型,上海,https://g.alicdn.com/s.gif,https://item.taobao.com/item.htm?id=712608844479&ns=1&abbucket=16#detail
弘模CPR100心肺复苏训练模拟人医用培训橡皮人训练假人体急救模型,上海,https://g.alicdn.com/s.gif,https://item.taobao.com/item.htm?id=712611412344&ns=1&abbucket=16#detail
CPR100心肺复苏模拟人半身心脏起搏急救训练人工呼吸假人体模型,上海,https://g.alicdn.com/s.gif,https://item.taobao.com/item.htm?id=712856273556&ns=1&abbucket=16#detail
心肺复苏模拟人全身CPR100心脏复苏训练人体模型触电急救医用假人,上海,https://g.alicdn.com/s.gif,https://item.taobao.com/item.htm?id=712857045908&ns=1&abbucket=16#detail
弘德HD/CPR100S心肺复苏模拟人半身人工呼吸假人心脏急救演练训练人体模型,浙江 温州,https://g.alicdn.com/s.gif,https://detail.tmall.com/item.htm?id=669571301582&ns=1&abbucket=16
弘德HD/CPR490B多功能护理急救训练模拟人心肺复苏人工呼吸考核打印语音穿刺注射导尿基础护理假人体模型,浙江 温州,https://g.alicdn.com/s.gif,https://detail.tmall.com/item.htm?id=669594528683&ns=1&abbucket=16
简易半身CPR100心肺复苏模拟人胸外心脏按压人工呼吸训练假人型,上海,https://g.alicdn.com/s.gif,https://item.taobao.com/item.htm?id=712583828711&ns=1&abbucket=16#detail
CPR590S心肺复苏模拟人训练假人救护培训模型急救人工呼吸橡皮人,上海,https://g.alicdn.com/s.gif,https://item.taobao.com/item.htm?id=712585620696&ns=1&abbucket=16#detail
心肺复苏模拟人CPR580触电急救人体模型心脏按压人工呼吸假人,上海,https://g.alicdn.com/s.gif,https://item.taobao.com/item.htm?id=712593304362&ns=1&abbucket=16#detail
婴儿心肺复苏模拟人小幼童窒息CPR急救心P脏复苏训练假人体模,上海,https://g.alicdn.com/s.gif,https://item.taobao.com/item.htm?id=712834581980&ns=1&abbucket=16#detail
CPR心肺复苏模拟人全身急救培训练假人医学用人体模型教学假人,上海,https://g.alicdn.com/s.gif,https://item.taobao.com/item.htm?id=712835917594&ns=1&abbucket=16#detail
CPR心肺复苏模拟人假人半身医学人体模型急救培训人工呼吸橡皮,上海,https://g.alicdn.com/s.gif,https://item.taobao.com/item.htm?id=712838101089&ns=1&abbucket=16#detail
医学心肺复苏模拟人医疗用假人急救橡皮人心肺复苏模拟人CPR690,上海,https://g-search2.alicdn.com/img/bao/uploaded/i4/i3/737433980/TB2MqKTeRjTBKNjSZFuXXb0HFXa_!!737433980.jpg_360x360Q90.jpg_.webp,https://item.taobao.com/item.htm?id=712840949894&ns=1&abbucket=16#detail
半身心肺复苏模拟人医院急救训练假人橡皮人CPR红十字卫校考核用,上海,https://g-search2.alicdn.com/img/bao/uploaded/i4/i4/3198503002/O1CN010sIVDw1Y2xbQGZ4yX_!!3198503002.jpg_360x360Q90.jpg_.webp,https://item.taobao.com/item.htm?id=713037994029&ns=1&abbucket=16#detail
CPR110心肺复苏模拟人体CPR模型胸外按压假人急救Z训练橡皮人,上海,https://g-search1.alicdn.com/img/bao/uploaded/i4/i2/737433980/TB2yChDleuSBuNjSsziXXbq8pXa_!!737433980.jpg_360x360Q90.jpg_.webp,https://item.taobao.com/item.htm?id=713038574008&ns=1&abbucket=16#detail
CPR480心肺复苏模拟人心脏急救人体训练模型电子计数人工呼吸假人,广东 深圳,https://g-search3.alicdn.com/img/bao/uploaded/i4/i2/2208439437184/O1CN0187D5P722wKAK9xacU_!!0-item_pic.jpg_360x360Q90.jpg_.webp,https://detail.tmall.com/item.htm?id=713203195317&ns=1&abbucket=16
心肺复苏模拟人CPR训练模型人工呼吸假人M医学用急救培训人体模型,上海,https://g-search3.alicdn.com/img/bao/uploaded/i4/i2/4198938382/O1CN01ySlKDQ2Bn0IagmkGG_!!4198938382.jpg_360x360Q90.jpg_.webp,https://item.taobao.com/item.htm?id=713250379491&ns=1&abbucket=16#detail
心肺复苏模拟人工呼吸教学假人半身心脏复苏急救训练全身CPR490,湖北 武汉,https://g-search1.alicdn.com/img/bao/uploaded/i4/i1/2212460612197/O1CN01Oj7dlb1S6GzMNqEwV_!!0-item_pic.jpg_360x360Q90.jpg_.webp,https://detail.tmall.com/item.htm?id=713257767709&ns=1&abbucket=16
婴儿心肺复苏模拟人语音反馈新生儿复苏人体模型CPR小儿窒息急救橡皮假人,北京,https://g-search3.alicdn.com/img/bao/uploaded/i4/i3/2207767347679/O1CN01uvbdrk26b1zSGZ6S1_!!0-item_pic.jpg_360x360Q90.jpg_.webp,https://detail.tmall.com/item.htm?id=618867013450&ns=1&abbucket=16
Denilco心肺复苏模拟人CPR心脏急救人体训练模型学校考核模拟假人,浙江 嘉兴,https://g-search1.alicdn.com/img/bao/uploaded/i4/i1/2213787689359/O1CN01tLPfIe2J0TZ3iZnT6_!!2213787689359.jpg_360x360Q90.jpg_.webp,https://item.taobao.com/item.htm?id=686499998399&ns=1&abbucket=16#detail
"婴儿复苏模拟人,新生儿心t肺复苏模型,CPR假人,小儿急救培训模具",广东 广州,https://g-search2.alicdn.com/img/bao/uploaded/i4/i2/2210605788679/O1CN01x3q7zw2Dz2GaZ6a0K_!!2210605788679.jpg_360x360Q90.jpg_.webp,https://item.taobao.com/item.htm?id=702416651630&ns=1&abbucket=16#detail
半身心肺复苏模拟人CPR培训假人医用模型人急救W训练人体模特,广东 广州,https://g-search2.alicdn.com/img/bao/uploaded/i4/i3/3829322412/O1CN01YhLYUE1Tgk87lQAlW_!!3829322412.jpg_360x360Q90.jpg_.webp,https://item.taobao.com/item.htm?id=707316686462&ns=1&abbucket=16#detail
CPR480心肺复苏模拟人心脏急救人体训练模型电子计数人工呼吸假人,山东 菏泽,https://g-search2.alicdn.com/img/bao/uploaded/i4/i4/4120866976/O1CN01cNMWm921P3mqgPgNi_!!0-item_pic.jpg_360x360Q90.jpg_.webp,https://detail.tmall.com/item.htm?id=712515780790&ns=1&abbucket=16
心肺复苏气管插管模拟人多功能急救训练CPR输液导尿假人体模型,上海,https://g-search2.alicdn.com/img/bao/uploaded/i4/i2/410896281/O1CN01sHtJCw1wGkVEpDXI7_!!410896281.jpg_360x360Q90.jpg_.webp,https://item.taobao.com/item.htm?id=712585040488&ns=1&abbucket=16#detail
CPR480心肺复苏模拟人心脏急救人体训练模型电子计数人工呼吸假人,山东 菏泽,https://g-search3.alicdn.com/img/bao/uploaded/i4/i2/4120866976/O1CN01GfHg1t21P3mnGUb1Z_!!0-item_pic.jpg_360x360Q90.jpg_.webp,https://detail.tmall.com/item.htm?id=712787217605&ns=1&abbucket=16
CPR480心肺复苏模拟人心脏急救人体训练模型电子计数人工呼吸假人,湖北 武汉,https://g-search1.alicdn.com/img/bao/uploaded/i4/i4/4260695944/O1CN0180gTBj1tmP2oBZ9yp_!!0-item_pic.jpg_360x360Q90.jpg_.webp,https://detail.tmall.com/item.htm?id=712803713681&ns=1&abbucket=16
CPR480心肺复苏模拟人心脏急救人体训练模型电子计数人工呼吸假人,湖北 武汉,https://g-search1.alicdn.com/img/bao/uploaded/i4/i1/4260695944/O1CN01ecculV1tmP2myiMT8_!!0-item_pic.jpg_360x360Q90.jpg_.webp,https://detail.tmall.com/item.htm?id=712814905258&ns=1&abbucket=16
CPR580心肺复苏模拟人心脏复苏模型急救模拟假人心肺复苏胸外按压,上海,https://g-search3.alicdn.com/img/bao/uploaded/i4/i3/737433980/O1CN01t0PadD1fGssFLwccX_!!737433980.jpg_360x360Q90.jpg_.webp,https://item.taobao.com/item.htm?id=713039314618&ns=1&abbucket=16#detail
超声穿刺模型腹部多肿块多深度积液穿刺活检,,https://g-search1.alicdn.com/img/bao/uploaded/i4/imgextra/i4/153200148/O1CN01rMSwSd1CxpR9U3JLd_!!0-saturn_solar.jpg_360x360Q90.jpg_.webp,https://click.simba.taobao.com/cc_im?p=cpr%BC%D9%C8%CB&s=832621254&k=961&e=kycDjFlBmdbq8xOCJfCJXAVfl%2FX5Skaai%2FCupu1QnJtIZH%2F5q8s2BjIB%2BHNTjnv15ZmdfsL5R7EoXOeD1xSnDVNTL1HnvKWIjocrxh1gL1zhT6t6dqYgk8lX0HnwIGcvbeN3MidfJ8un9LjvbvhAysc0YPxshhUBFUfPRvZV519sQiCEAbQRq9yIxOBV%2FNxn3z9rpVZtDeqQ41ZiOGfGsnNN%2B70Ga5SdsF1QyN%2FOUUn%2FqVvkl2kK0eqLEE6bDbFZKysEKtucFOqadjFYHfoB0RGgsq7c4z%2FiUSWi%2FVEwl58DhXx0GiUgeMjKNjgQvNveJLlYhThS%2F1Y5amX18ZNaiwi4h02nw3J4MTYbj3oGi1GF3P8sWY%2FylvGk6dlGrYLUsaa%2FaDxl0h35ckNlxXz5MWvK8E9aZFa5lYP9vMIwxCNcNbMZ8tj8%2BjNHWvc1WkpQ8biPm28ZM7j157ZoArxOIoqPF%2Bteyt7zHrY4AxPN8ddY28UZ3Rp8rcSv5nVoh7tM%2B3Xi0G9CKjcZasGYRKWVGf78O0eOr7cX1CqwfE2h8i1UDZhMgLAUgA3vfL58FGTJqKBcR%2F670tzoUKddSrdnGQxPOT5IjwpVhHUtl2eC8QlF8cE%2FbMfmLT4sQDHxagfhOTDcvSlp2ZXnMF7yY4ms4EJVDjJD87HhXCsk2O2q5jWH9dzHhuGL0AloHPXGdcANh5KfXz0Fdwew7nDeRSd2smLfInunZpzCUBfvoJrODG8pACH4k3eRqQOne7Tjj88FP%2B4m%2BaPtTwYemBVIr6W4KuzYNmItYOvPTRcaqh%2By5alFQPapsNJf38YzAeHXoirQmwzWwef4NSLxpOnZRq2C1MU244z9cA4uhgHex4P4n4NFc0afiGDYlHZhzHIAMniIOVZmnDP49vplv7zB92Dqmhg64xYe%2Bi8TP%2FpFVkRfkwgedIWD06IQ%2Ft6mPFjykBzx#detail
心肺复苏模拟人工呼吸教学假人半身心脏复苏急救训练全身CPR490,北京,https://g-search1.alicdn.com/img/bao/uploaded/i4/imgextra/i1/128177215/O1CN014NpK0b23AWPFhvlXb_!!0-saturn_solar.jpg_360x360Q90.jpg_.webp,https://click.simba.taobao.com/cc_im?p=cpr%BC%D9%C8%CB&s=832621254&k=961&e=5dqcWLw5pFPq8xOCJfCJXAVfl%2FX5Skaai%2FCupu1QnJtIZH%2F5q8s2BjIB%2BHNTjnv1R8oSf8kmWgzXk6f3aM4Byp6FvunlOmXRjocrxh1gL1zhT6t6dqYgk8lX0HnwIGcvbeN3MidfJ8un9LjvbvhAysc0YPxshhUBFUfPRvZV519sQiCEAbQRq9yIxOBV%2FNxn3z9rpVZtDeqQ41ZiOGfGsnNN%2B70Ga5SdsF1QyN%2FOUUn%2FqVvkl2kK0eqLEE6bDbFZKysEKtucFOqadjFYHfoB0RGgsq7c4z%2FiUSWi%2FVEwl58DhXx0GiUgeBUAQZapSLI8GzGT%2FoFn9zFcpe30EsSnECBRfgE9d0VVLJIsI9bQ033drPZweXCQs450QcJDSkxBOpF0asnLWJL5ckNlxXz5MWvK8E9aZFa5lYP9vMIwxCNcNbMZ8tj8%2BjNHWvc1WkpQWaf8FusxtD3QY0POpiQdRIqPF%2Bteyt7zHrY4AxPN8dd8p8Br7svBcT6MRido%2F6cXe0L4wvAte3H1cSbCWkHjgTtDWOzj1CKWqJ6Q5R%2FtsMvO8ENpNB%2Bq8nZG%2BYb8hSBjJwMhrUvnGOSqdtD0f%2B1m7gXmU7Cm1c1zf1iw6Wf8ibIqfSPLM3VTBMb0g3bvg%2B%2F3Y5kfGGxcbut6rMZCe7398JYqsG5pyKb1pPEfddICs7%2Frcj6KJpee142iE1%2B00Q0uAp2qxWwfeOAhI9GadLQdMjlfCUspjKqA5dAqYc5nKybDbmtiLwCQ8D1lP3lzj2q%2F79R%2FEDc2onCgovV0IHoWnf4N1MNldyc3IEhmkiiR8dZGMM7sEWeyOg5tbrU1kg%2BVz6NAns8y8RYlWYCv6DFeM12vjoGH3593OpBhtLqEuC6czuOpk4oWmN5IzokYCZcP8CGy78vDPrHRfdXI%2BCNhhdZ71YjVL0Svqi5Py8KoL4DeBdcSsu4MIrjv%2FcnurLNq#detail
儿童急救模拟假人人体模型人工呼吸训练模型,浙江 温州,https://g-search1.alicdn.com/img/bao/uploaded/i4/imgextra/i3/28902000/O1CN01HMEL0p1Qe2ltdPwzj_!!0-saturn_solar.jpg_360x360Q90.jpg_.webp,https://click.simba.taobao.com/cc_im?p=cpr%BC%D9%C8%CB&s=832621254&k=985&e=3VuPru3LbKXq8xOCJfCJXAVfl%2FX5Skaai%2FCupu1QnJtIZH%2F5q8s2BjIB%2BHNTjnv1R8oSf8kmWgxX5JgoYeJhBC4MOFQPIDENysylAVSS1DXhT6t6dqYgk8lX0HnwIGcvbeN3MidfJ8un9LjvbvhAysc0YPxshhUBFUfPRvZV519sQiCEAbQRq9yIxOBV%2FNxn3z9rpVZtDeqQ41ZiOGfGsnNN%2B70Ga5SdsF1QyN%2FOUUn%2FqVvkl2kK0SljzgIAVi%2F88uKG7lQlCb4i9qKQaZF9tjuvLQiuIBLOLx5UXYv3bGjkMAcagyDSEkjmsw6yuHT6DQpRUpHmtyv0DoKfp7AoaJaIN9Hg0qJjRyCriAh2m5byMV7WqGrxRi4IZ2N2NqQrQqdfmi3N6Q0NK3Au1dkzp6yL7xuDOBDp8YtloUGlG061UDuu4qWxHt%2FN8VKebLLrJZmjQJ2Vc7UY6nmQKYUqqkYei6vmc7iZ6bROv6QBF4YioeAgDMQTv0PEAuRrrmr%2FArOUymDKdkQduuRMrjQ5fJvDUrAhb0hdSJ1GSFN5ntEbG24boGswt0abLegK5xr11gO%2FGxn2fBYv6iBSQxS2RiW0uQWEucdR1dWlMqCUgMDgRE%2FjgCjybNMO7BUkzcGSAn7SNH39ZaAfg7uK9k%2FYKBBvIwpndntnefcENqZIHAAgp%2F4Y3L8rkCxW78KcIONa4IRqGCtPzusT8Ezjmdo%2BA9NI%2F2NL7uxizkO%2FWeWAeR6NuF1Oi9OT4qMrt16x56qaByp83Eh7MHz3PsWCDOaS4o27jJyEvfBcyNFpsk3jYcSLVaCdSqmfvV4oU4QufbiWgye%2BSB98TX6c9BRO6v5qBZmiKvPNLr5GOR8vqsc3GsGjDi3agq88ZxxErochoj9XnM7jqZOKFpjeSM6JGAmXD%2FAhsu%2FLwz6x0X3VyPgjYYXWe9WI1S9Er6ouT8vCqC%2BA3gXXErLuDCK47%2F3J7qyzag%3D%3D#detail
CPR290心肺复苏模型人工呼吸假人 胸外按压模具 医学训练橡皮人,广东 广州,https://g-search2.alicdn.com/img/bao/uploaded/i4/i4/2215660213493/O1CN011O9Ryn1bfqI2Q7tJe_!!2215660213493.jpg_360x360Q90.jpg_.webp,https://item.taobao.com/item.htm?id=713051522365&ns=1&abbucket=16#detail
CPR400s心肺复苏模拟人人工呼吸医学用假人人体教学模型急救训练,浙江 温州,https://g-search3.alicdn.com/img/bao/uploaded/i4/i1/2214131260784/O1CN018lIYDl1Hf7Hoz0Esz_!!2214131260784.jpg_360x360Q90.jpg_.webp,https://item.taobao.com/item.htm?id=679757193419&ns=1&abbucket=16#detail
CPR480心肺复苏模拟人心脏急救人体训练模型电子计数人工呼吸假人,广东 深圳,https://g-search3.alicdn.com/img/bao/uploaded/i4/i3/2208439437184/O1CN01yMVYQG22wKAOXXmjj_!!0-item_pic.jpg_360x360Q90.jpg_.webp,https://detail.tmall.com/item.htm?id=712528876121&ns=1&abbucket=16
CPR480心肺复苏模拟人心脏急救人体训练模型电子计数人工呼吸假人,广东 深圳,https://g-search1.alicdn.com/img/bao/uploaded/i4/i3/2262052541/O1CN01FrYYdT1UdpEWEUENg_!!0-item_pic.jpg_360x360Q90.jpg_.webp,https://detail.tmall.com/item.htm?id=712539876919&ns=1&abbucket=16
心肺复苏模拟人工呼吸教学假人半身心脏复苏急救训练全身CPR490,江苏 无锡,https://g-search3.alicdn.com/img/bao/uploaded/i4/i4/2211204436809/O1CN01o5ajEp20AZdtWTaeJ_!!0-item_pic.jpg_360x360Q90.jpg_.webp,https://detail.tmall.com/item.htm?id=712635124410&ns=1&abbucket=16
CPR480心肺复苏模拟人心脏急救人体训练模型电子计数人工呼吸假人,广东 深圳,https://g-search3.alicdn.com/img/bao/uploaded/i4/i4/2201504945295/O1CN01FwkmO71oz9zofL1N5_!!0-item_pic.jpg_360x360Q90.jpg_.webp,https://detail.tmall.com/item.htm?id=712989446662&ns=1&abbucket=16
CPR480心肺复苏模拟人心脏急救人体训练模型电子计数人工呼吸假人,广东 深圳,https://g-search1.alicdn.com/img/bao/uploaded/i4/i3/2201504945295/O1CN01RAYqSi1ozA01ETfPY_!!0-item_pic.jpg_360x360Q90.jpg_.webp,https://detail.tmall.com/item.htm?id=713000570173&ns=1&abbucket=16
心肺复苏模拟人全身半身CPR急救演练训练假人工呼吸按压人体模型,江苏 无锡,https://g-search3.alicdn.com/img/bao/uploaded/i4/i3/2207864472386/O1CN01i2XYyx1TUpqP3dwoa_!!0-item_pic.jpg_360x360Q90.jpg_.webp,https://detail.tmall.com/item.htm?id=713060194594&ns=1&abbucket=16
CPR480心肺复苏模拟人心脏急救人体训练模型电子计数人工呼吸假人,湖北 武汉,https://g-search3.alicdn.com/img/bao/uploaded/i4/i2/4260695944/O1CN01ZbfBZk1tmP2v9zeCE_!!0-item_pic.jpg_360x360Q90.jpg_.webp,https://detail.tmall.com/item.htm?id=713193135396&ns=1&abbucket=16
CPR心肺复苏模拟人全半身心脏按压人工呼吸假人急救训练教学模型,上海,https://g-search3.alicdn.com/img/bao/uploaded/i4/i2/2215642284087/O1CN01I0BICj1g3tY9MAO4Z_!!2215642284087.jpg_360x360Q90.jpg_.webp,https://item.taobao.com/item.htm?id=711459592238&ns=1&abbucket=16#detail
心肺复苏模拟人cpr半全身急救人工呼吸按压医学训练伤员假人690S,上海,https://g-search1.alicdn.com/img/bao/uploaded/i4/i1/4135028609/O1CN01m2llEH2DSyYlzFTjq_!!4135028609.jpg_360x360Q90.jpg_.webp,https://item.taobao.com/item.htm?id=713075770728&ns=1&abbucket=16#detail
CPR600x全身心肺复苏模拟人急救训练模型大屏人工呼吸按压假人,浙江 温州,https://g-search2.alicdn.com/img/bao/uploaded/i4/i1/2214131260784/O1CN01Dr9SeR1Hf7IIcJ21k_!!2214131260784.jpg_360x360Q90.jpg_.webp,https://item.taobao.com/item.htm?id=679402948250&ns=1&abbucket=16#detail
心肺复苏模拟人心脏教学模型模拟人工呼吸急救培训假人KS/CPR490,浙江 杭州,https://g-search2.alicdn.com/img/bao/uploaded/i4/i2/2201487457164/O1CN01L2b1C422nAF5y7MzQ_!!0-item_pic.jpg_360x360Q90.jpg_.webp,https://detail.tmall.com/item.htm?id=710706692729&ns=1&abbucket=16
心肺复苏模拟人 全身半身CPR急救演练训练假人工呼吸按压人体模型,浙江 杭州,https://g.alicdn.com/s.gif,https://detail.tmall.com/item.htm?id=710706720180&ns=1&abbucket=16
心肺复苏模拟人cpr半全身急救人工呼吸按压医学训练伤员假人690S,福建 泉州,https://g.alicdn.com/s.gif,https://detail.tmall.com/item.htm?id=712553056827&ns=1&abbucket=16
CPR170高级儿童心肺复苏模拟人小儿心脏急救培训假人医学人体模型,上海,https://g.alicdn.com/s.gif,https://detail.tmall.com/item.htm?id=693399815369&ns=1&abbucket=16
TG/CPR170儿童心肺复苏模拟人胸外按压人工呼吸操作练习小儿心脏急救起搏教学训练医用假人体模型,上海,https://g.alicdn.com/s.gif,https://detail.tmall.com/item.htm?id=683958585562&ns=1&abbucket=16
CPR508电脑语音提示电子计数心肺复苏模拟人全身半身Y人工呼吸假,上海,https://g.alicdn.com/s.gif,https://item.taobao.com/item.htm?id=704736275460&ns=1&abbucket=16#detail
沪模 CPR安全急救训练假人橡皮人心肺复苏模拟人医学教学模型急救培训人体模型 普及型HUMO/CPR110,上海,https://g.alicdn.com/s.gif,https://detail.tmall.com/item.htm?id=583674554519&ns=1&abbucket=16
CPR300S-A高级全身心肺复苏模拟人胸L外按压人工呼吸假人体模型,上海,https://g.alicdn.com/s.gif,https://item.taobao.com/item.htm?id=704868071305&ns=1&abbucket=16#detail
心肺复苏模拟人CPR190半身触电急救人体模型心脏复苏胸外按压假,上海,https://g.alicdn.com/s.gif,https://item.taobao.com/item.htm?id=712612140331&ns=1&abbucket=16#detail
人工呼吸假人CPR心脏复苏急救训练医学用人体模型心肺复苏模拟人,北京,https://g.alicdn.com/s.gif,https://item.taobao.com/item.htm?id=712612868453&ns=1&abbucket=16#detail
心肺复苏模拟人cpr半身急救人工呼吸按压心肺复苏模拟人训练假人,上海,https://g.alicdn.com/s.gif,https://item.taobao.com/item.htm?id=712865581782&ns=1&abbucket=16#detail
全身电脑心肺心脏复苏模拟人工呼吸救援假人电工急救培训模型CPR,上海,https://g.alicdn.com/s.gif,https://item.taobao.com/item.htm?id=713050298989&ns=1&abbucket=16#detail
沪模 全功能五岁儿童护理复苏模拟人 5岁儿童护理及CPR急救人体模型教学培训练假人HUMO/T334,上海,https://g.alicdn.com/s.gif,https://detail.tmall.com/item.htm?id=586308488038&ns=1&abbucket=16
CPR190心肺复苏模拟人全身橡皮演练假人CPR心脏胸外按压人体模型,上海,https://g-search1.alicdn.com/img/bao/uploaded/i4/i1/43980582/TB2HlDobcjI8KJjSsppXXXbyVXa_!!43980582.jpg_360x360Q90.jpg_.webp,https://item.taobao.com/item.htm?id=712837301198&ns=1&abbucket=16#detail
心肺复苏模拟人医学假体型橡皮人心脏按压训练培训机器CPR690,广东 深圳,https://g-search3.alicdn.com/img/bao/uploaded/i4/i2/3956912880/TB1nHGLrVkoBKNjSZFkXXb4tFXa_!!0-item_pic.jpg_360x360Q90.jpg_.webp,https://item.taobao.com/item.htm?id=713030142030&ns=1&abbucket=16#detail
优模CPR110心肺复苏模拟人心脏急救人体训练胸外按压人工呼吸假人,上海,https://g-search3.alicdn.com/img/bao/uploaded/i4/i1/43980582/TB2pLX3xpOWBuNjy0FiXXXFxVXa_!!43980582.jpg_360x360Q90.jpg_.webp,https://item.taobao.com/item.htm?id=713030518340&ns=1&abbucket=16#detail
CPR心肺复苏模拟人半身医教学用假人急救训练心脏复苏人体模型人,上海,https://g-search1.alicdn.com/img/bao/uploaded/i4/i3/737433980/TB2.cSCk29TBuNjy1zbXXXpepXa_!!737433980.jpg_360x360Q90.jpg_.webp,https://item.taobao.com/item.htm?id=713041026644&ns=1&abbucket=16#detail
CPR110心肺复苏模拟人体CPR模型胸外按压假人急救训练橡皮人,上海,https://g-search2.alicdn.com/img/bao/uploaded/i4/i2/737433980/TB2yChDleuSBuNjSsziXXbq8pXa_!!737433980.jpg_360x360Q90.jpg_.webp,https://item.taobao.com/item.htm?id=713249543383&ns=1&abbucket=16#detail
弘德HD/CPR700高级心肺复苏模拟人（计算机控制、无线连接）急救训练人工呼吸假人人体教学模型,浙江 温州,https://g-search2.alicdn.com/img/bao/uploaded/i4/i2/2206426493198/O1CN01dBHcZF1ZUjMNAf7ib_!!0-item_pic.jpg_360x360Q90.jpg_.webp,https://detail.tmall.com/item.htm?id=670316302381&ns=1&abbucket=16
弘德HD/CPR200S高级自动心肺复苏训练模拟人CPR技能培训胸外按压人工呼吸练习假人,浙江 温州,https://g-search2.alicdn.com/img/bao/uploaded/i4/i1/2206426493198/O1CN01ZFuYVq1ZUjMajS9JS_!!0-item_pic.jpg_360x360Q90.jpg_.webp,https://detail.tmall.com/item.htm?id=670680895059&ns=1&abbucket=16
弘德CPR390全身电脑心肺复苏模拟人急救技能训练教学模型医用假人,,https://g-search1.alicdn.com/img/bao/uploaded/i4/i2/2206426493198/O1CN01y59Knl1ZUjJ8u7tqo_!!0-item_pic.jpg_360x360Q90.jpg_.webp,https://item.taobao.com/item.htm?id=712585540207&ns=1&abbucket=16#detail
CPR480心肺复苏模拟人心脏急救人体训练模型电子计数人工呼吸假人,山东 菏泽,https://g-search3.alicdn.com/img/bao/uploaded/i4/i2/4120866976/O1CN01GfHg1t21P3mnGUb1Z_!!0-item_pic.jpg_360x360Q90.jpg_.webp,https://detail.tmall.com/item.htm?id=712787217605&ns=1&abbucket=16
CPR480心肺复苏模拟人心脏急救人体训练模型电子计数人工呼吸假人,山东 菏泽,https://g-search2.alicdn.com/img/bao/uploaded/i4/i3/4120866976/O1CN01nN6WwU21P3mmma0UL_!!0-item_pic.jpg_360x360Q90.jpg_.webp,https://detail.tmall.com/item.htm?id=712996078721&ns=1&abbucket=16
CPR急救训练模拟人医用练习假人心肺复苏模拟胸外按压模型,,https://g-search3.alicdn.com/img/bao/uploaded/i4/i3/TB14nsRPFXXXXaVXpXXXXXXXXXX_!!0-item_pic.jpg_360x360Q90.jpg_.webp,https://item.taobao.com/item.htm?id=713032798445&ns=1&abbucket=16#detail
CPR480心肺复苏模拟人心脏急救人体训练模型电子计数人工呼吸假人,广东 深圳,https://g-search2.alicdn.com/img/bao/uploaded/i4/i4/2208439437184/O1CN0199cRTg22wKAKByzz4_!!0-item_pic.jpg_360x360Q90.jpg_.webp,https://detail.tmall.com/item.htm?id=712550580897&ns=1&abbucket=16
CPR480心肺复苏模拟人心脏急救人体训练模型电子计数人工呼吸假人,广东 深圳,https://g-search3.alicdn.com/img/bao/uploaded/i4/i4/2208439437184/O1CN01Ek7X3K22wKAQ3BZZr_!!0-item_pic.jpg_360x360Q90.jpg_.webp,https://detail.tmall.com/item.htm?id=713200251652&ns=1&abbucket=16
心肺复苏模拟人工呼吸教学假人半身心脏复苏急救训练全身CPR490,广东 深圳,https://g-search1.alicdn.com/img/bao/uploaded/i4/i2/2201487457164/O1CN01kevGwe22nAEvG7jcF_!!0-item_pic.jpg_360x360Q90.jpg_.webp,https://detail.tmall.com/item.htm?id=711156190968&ns=1&abbucket=16
心肺复苏模拟人cpr半全身急救人工呼吸按压医学训练伤员假人690S,上海,https://g-search2.alicdn.com/img/bao/uploaded/i4/i3/2211630011497/O1CN01WCbvRr1Mvfk4RnLLD_!!0-item_pic.jpg_360x360Q90.jpg_.webp,https://detail.tmall.com/item.htm?id=712571716780&ns=1&abbucket=16
CPR480心肺复苏模拟人心脏急救人体训练模型电子计数人工呼吸假人,湖北 武汉,https://g-search3.alicdn.com/img/bao/uploaded/i4/i2/4260695944/O1CN01Wx6jY51tmP2yhzp2F_!!0-item_pic.jpg_360x360Q90.jpg_.webp,https://detail.tmall.com/item.htm?id=712979386077&ns=1&abbucket=16
高级婴儿儿童心肺复苏模拟人婴儿梗塞气道阻塞急救及CPR训练模型,北京,https://g-search1.alicdn.com/img/bao/uploaded/i4/imgextra/i1/128177215/O1CN01exrYfa23AWImCtDg6_!!0-saturn_solar.jpg_360x360Q90.jpg_.webp,https://click.simba.taobao.com/cc_im?p=cpr%BC%D9%C8%CB&s=748110584&k=953&e=KY4LWnEAZnOEJdzgZi5jHx5%2F1m8tHSDDU9eFzGX2gnaoEW5HLFgePsJX6rz81uqsgQktkjQUBHzpNCWkxPzYNtQemNuAcKg6DbXBMfaUlRJz%2B2e2pDAN5NHIVcJ7JW%2Bx%2B7%2Bgwz62MGA5r1ui0wFisAQ8KjSBNTzJ1lLwNCYR8ZM18ES%2B%2Br2mpKgy%2FSZ863TzVDwn02E%2BUTFVdscwBrcGjSSKbfJuq%2Bf99h0cA9AA9PZ02V3GHiQuFPUkSVz5tHxXd9faarsL7yGmcfKm%2F7gzza2RBH5SIKCHsEIJApy09LQi5LyzBF1P9T6PvVGfDKuRbpxhxYR%2Fs%2BvYh8Az2S9tEzmvdTaXALN7PS8sLkreFKf4kZQVYMLRCrRLk8HEGiuC%2FHBgw8cfdJoEIz%2FYu1g7PngaQZK1eK8gvQCS1YEThrsp9dsJ4EHz2PjihygQuWBHApiLop4uNZU51YVKZalGjkrwhrAyvJeAG%2BW345RWA%2FiENlN4VvbVZpIi0TmXlIgGLQBBqyeJCooMO94VzL2bL%2BehDnFt%2BURZZ8etCL1lBpne5sQpMCIG3QmdKM8xqmM1BJddwNHZe8UigUErwGwi3hF8A2kWNTOx7DvOqPyNqWeY1jA0KCOTPyLXj0Iao%2F0WZQv8cO3KTxbfA64MVo%2BhtaNkbc3oOmlSHaBEz9TzazNEU1AAYcX4baQUrCvXHnN9U7y3zCtyPi6hy%2F6%2FQBbHLsHcqdo8AespBfmGf83zDIpHYlYL5j79BqTYxLeB1X4StvqAS%2FwTgHWcH4pQt68Prm1zPRrid2lY0iuEDFWDvoDC66bCOqQnEYLZ%2FTvCRltn6CIBWCmykze5j1KjinwJX9Zpz0qa%2F%2BIw%2BarKcGEACM8iQQbQzEptKLAxNuqqvECLOgzRWm7GMo1SoKsrVCITPYfakaxYWSSn3cmejB6IZO6AWY6kaNs4gA%3D%3D#detail
穿刺及气管切开插管训练模型医考教学假人,浙江 温州,https://g-search1.alicdn.com/img/bao/uploaded/i4/imgextra/i4/28902000/O1CN01wjYvZO1Qe2nhf3BN4_!!0-saturn_solar.jpg_360x360Q90.jpg_.webp,https://click.simba.taobao.com/cc_im?p=cpr%BC%D9%C8%CB&s=748110584&k=973&e=CW5%2FBVgfMDqEJdzgZi5jHx5%2F1m8tHSDDU9eFzGX2gnaoEW5HLFgePsJX6rz81uqsgQktkjQUBHxSYCFUFFR%2BweODvmM2r4g1HDpQp8BQOrlz%2B2e2pDAN5NHIVcJ7JW%2Bx%2B7%2Bgwz62MGA5r1ui0wFisAQ8KjSBNTzJ1lLwNCYR8ZM18ES%2B%2Br2mpKgy%2FSZ863TzVDwn02E%2BUTFVdscwBrcGjSSKbfJuq%2Bf99h0cA9AA9PZ02V3GHiQuFAcqB3dz9bnss25ljZn5%2BNQ9sCyiopImhWWYAuu75lMHTxE%2FbKadT0elRt9xhDS2fTsihybwleRqHLzij8zy3cEbVC3Ch5vybg2MKSXaI4NO7vPq9Nm7Z6xpxFUKuCcte4u1QXz4bPCrFNHElFA4FkO7qPf93g13Bs8et6XhScmxyKrw%2FOVP1x5uOJgZAWU0RlLgmcIn%2Brn2xC5VGKtg71kA37V08ptEA4J%2BWeEzIVQHkxTx2aMpHfHr813MJulglC1104Chr0J%2BBphGFbNTxOe0ZkvwSkoItOb02F0XSiWQxj5Bwbb8keG5atVsqR3rydpkuyOGIpwxnMerQpbVqrZENq90lP5PhRj4F6xwc6iX%2Fy1lf2bqkrrmg6L%2FD5xAQ79FeMbD5LBgdBHK4A6shTsIosXbIGj6tl3HAJJgw805YoP%2FCxPBJSx2jzIunGIJ71JLM1%2FydRHrrd8AiZuF1HUSzpGfHrptQgt2fBF%2B%2FkwbFQxBvAIZtkx8cwCOg6s0vesGzdFC%2FE8W0maRmdB6p68oWLbcu8cuB9i4snc0%2B3cITlZRTrLLnceC6Drg8tjYf0IjiTJyRzBQv4DvqTvhQXKPDpWC7rqehruo9%2F3eDXcGN4GV%2FXd692nbucfMZGoVH4JoQ%2B6Vru8ZIkEG0MxKbSiwMTbqqrxAizoM0VpuxjKNUqCrK1QiEz2H2pGsWFkkp93JnoweiGTugFmOpGjbOIA%3D#detail
心肺复苏模拟人全身急救培训医用教学模型仿真模拟人呼吸训练CPR,北京,https://g-search1.alicdn.com/img/bao/uploaded/i4/imgextra/i4/128177215/O1CN01gxJMYB23AWNB6YGSK_!!0-saturn_solar.jpg_360x360Q90.jpg_.webp,https://click.simba.taobao.com/cc_im?p=cpr%BC%D9%C8%CB&s=748110584&k=953&e=GRP3uOg8%2BdqEJdzgZi5jHx5%2F1m8tHSDDU9eFzGX2gnaoEW5HLFgePsJX6rz81uqsgQktkjQUBHzpNCWkxPzYNkJ8tKhA%2B%2FKxDbXBMfaUlRJz%2B2e2pDAN5NHIVcJ7JW%2Bx%2B7%2Bgwz62MGA5r1ui0wFisAQ8KjSBNTzJ1lLwNCYR8ZM18ES%2B%2Br2mpKgy%2FSZ863TzVDwn02E%2BUTFVdscwBrcGjSSKbfJuq%2Bf99h0cA9AA9PZ02V3GHiQuFPUkSVz5tHxXd9faarsL7yGmcfKm%2F7gzza2RBH5SIKCHsEIJApy09LQi5LyzBF1P9UbKZzatKhm5v6DiU5liPBPYh8Az2S9tE3TDE3b4%2BCO0XX4hwrxLVD4TQbt7Kikv5%2BhWbKkGj4QOL1WweuMv2pMEIz%2FYu1g7PngaQZK1eK8gvQCS1YEThrsp9dsJ4EHz2PjihygQuWBHevbn%2Fc5mB%2BvmhuDqnY1%2Fq0rwhrAyvJeAG%2BW345RWA%2FiaoGj%2FuHJe5tnNSSs89guuLQBBqyeJCooMO94VzL2bL%2BehDnFt%2BURZZ8etCL1lBpne5sQpMCIG3QmdKM8xqmM1BJddwNHZe8UigUErwGwi3hF8A2kWNTOx7DvOqPyNqWeY1jA0KCOTPyLXj0Iao%2F0WZQv8cO3KTxbfA64MVo%2BhtaNkbc3oOmlSHaBEz9TzazNEU1AAYcX4baQUrCvXHnN9U7y3zCtyPi6hy%2F6%2FQBbHLsHcqdo8AespBfmGf83zDIpHYlYL5j79BqTYxLeB1X4StvqAS%2FwTgHWcH4pQt68Prm1zPRrid2lYNQHTPLzntR0DmErzy8C5SYLZ%2FTvCRltnHJFXqDIIYp9NLGsquL3mENZpz0qa%2F%2BIw%2BarKcGEACM8iQQbQzEptKLAxNuqqvECLOgzRWm7GMo1SoKsrVCITPYfakaxYWSSn3cmejB6IZO6AWY6kaNs4gA%3D%3D#detail
CPR480心肺复苏模拟人心脏急救人体训练模型电子计数人工呼吸假人,湖北 武汉,https://g-search3.alicdn.com/img/bao/uploaded/i4/i3/4260695944/O1CN01E6I0bE1tmP2p0XiVA_!!0-item_pic.jpg_360x360Q90.jpg_.webp,https://detail.tmall.com/item.htm?id=713008686001&ns=1&abbucket=16
弘模心肺复苏模拟人多功能护理模拟人急救训练人体模型CPR操作心脏按压人工呼吸橡皮假人安全培训模特,上海,https://g-search3.alicdn.com/img/bao/uploaded/i4/i3/2212467702729/O1CN01a3arIW1W1vZRtwgpg_!!0-item_pic.jpg_360x360Q90.jpg_.webp,https://detail.tmall.com/item.htm?id=655563816046&ns=1&abbucket=16
弘模心肺复苏模拟人安全培训急救教学模型 全身训练心肺复苏模拟人HOM/CPR190S实战演练假人,上海,https://g-search2.alicdn.com/img/bao/uploaded/i4/i1/2212467702729/O1CN01vhhw1o1W1vZIUQpFJ_!!0-item_pic.jpg_360x360Q90.jpg_.webp,https://detail.tmall.com/item.htm?id=655571336579&ns=1&abbucket=16
T心肺复苏模拟人CPR全半身心脏按压急救训练假人模型婴儿人工呼吸新款,江苏 无锡,https://g-search3.alicdn.com/img/bao/uploaded/i4/i1/2210017217660/O1CN01vEZyEn26SKfwu35gE_!!2210017217660.jpg_360x360Q90.jpg_.webp,https://detail.tmall.com/item.htm?id=703399726279&ns=1&abbucket=16
半身心肺复苏模拟 人医用假人CPR急救训练人体模型模具全身心复苏,河北 秦皇岛,https://g-search3.alicdn.com/img/bao/uploaded/i4/i1/1987035005/O1CN01Z5crjM1mqL88ZQNL8_!!1987035005.jpg_360x360Q90.jpg_.webp,https://item.taobao.com/item.htm?id=707616863408&ns=1&abbucket=16#detail
心肺复苏模拟人 CPR急救橡皮假人体按压人工呼吸器全半身教学模型,广东 深圳,https://g-search3.alicdn.com/img/bao/uploaded/i4/i3/2201487457164/O1CN01fA9Dev22nAF9Qh8BO_!!0-item_pic.jpg_360x360Q90.jpg_.webp,https://detail.tmall.com/item.htm?id=711539475486&ns=1&abbucket=16
心肺复苏模拟人CPR急救护理模型心肺复苏模型人工呼吸急救假人,广东 深圳,https://g-search1.alicdn.com/img/bao/uploaded/i4/i1/3709540418/O1CN01sUmPc31ExUNvAjB5u_!!0-item_pic.jpg_360x360Q90.jpg_.webp,https://detail.tmall.com/item.htm?id=711756782435&ns=1&abbucket=16
CPR480心肺复苏模拟人心脏急救人体训练模型电子计数人工呼吸假人,江苏 无锡,https://g-search3.alicdn.com/img/bao/uploaded/i4/i4/2206528112724/O1CN01PodLKQ1VzdiMybnLl_!!2206528112724.jpg_360x360Q90.jpg_.webp,https://item.taobao.com/item.htm?id=712958541512&ns=1&abbucket=16#detail
心肺复苏模拟人工呼吸假人模型医学用 CPR急救橡皮人（电脑自备）,北京,https://g-search3.alicdn.com/img/bao/uploaded/i4/i2/3169896178/O1CN01z6aZM41vVZif6Ox2e_!!3169896178.png_360x360Q90.jpg_.webp,https://item.taobao.com/item.htm?id=545464134276&ns=1&abbucket=16#detail
CPR心肺复苏模拟人急救训练假人小彩屏显示智能触摸可户外使用,北京,https://g-search2.alicdn.com/img/bao/uploaded/i4/i4/4043179460/O1CN01kTLDbZ2JkjHlqSHLZ_!!4043179460.jpg_360x360Q90.jpg_.webp,https://item.taobao.com/item.htm?id=588525622133&ns=1&abbucket=16#detail
心肺复苏模拟人 CPR急救橡皮假人体按压人工呼吸器全半身教学模型,北京,https://g-search3.alicdn.com/img/bao/uploaded/i4/i2/2214042498322/O1CN01sxi0ve2BLWoXhp0GQ_!!2214042498322-0-picasso.jpg_360x360Q90.jpg_.webp,https://item.taobao.com/item.htm?id=674795543217&ns=1&abbucket=16#detail
高级全身全自动电脑心肺复苏模拟人CPR490/590/690智能假人体模型,上海,https://g-search3.alicdn.com/img/bao/uploaded/i4/i4/410896281/O1CN01Aq1oDf1wGkLwTn2mA_!!410896281.jpg_360x360Q90.jpg_.webp,https://item.taobao.com/item.htm?id=588010776009&ns=1&abbucket=16#detail
CPR心肺复苏模拟人高级彩屏显示训练心脏急救 人体教学模型人训练假人橡皮人,北京,https://g-search3.alicdn.com/img/bao/uploaded/i4/i3/2207767347679/O1CN01om920H26b1zeYe8EO_!!0-item_pic.jpg_360x360Q90.jpg_.webp,https://detail.tmall.com/item.htm?id=620521482360&ns=1&abbucket=16
MAR/335新生婴儿静脉输液穿刺脐带护理CPR心肺复苏模拟人训练假人,浙江 温州,https://g.alicdn.com/s.gif,https://item.taobao.com/item.htm?id=684116400973&ns=1&abbucket=16#detail
CPR急救训练模拟人医u用练习假人心肺复苏模拟胸外按压模型,广东 广州,https://g.alicdn.com/s.gif,https://item.taobao.com/item.htm?id=701850760122&ns=1&abbucket=16#detail
心肺复苏模拟人cpr半全身急救人工呼吸按压医学训练伤员假人690S,湖北 武汉,https://g.alicdn.com/s.gif,https://detail.tmall.com/item.htm?id=711058947818&ns=1&abbucket=16
医博心肺复苏模拟人半身CPR230人工呼吸急救模型假人医学人体模型,上海,https://g.alicdn.com/s.gif,https://item.taobao.com/item.htm?id=712740252094&ns=1&abbucket=16#detail
医博心肺复苏模拟人全身CPR100D半身人工呼吸急救训练教学模型假,上海,https://g.alicdn.com/s.gif,https://item.taobao.com/item.htm?id=712747544435&ns=1&abbucket=16#detail
CPR190心肺复苏模拟人半身医教假人急救训练心脏复苏人体模型人,上海,https://g.alicdn.com/s.gif,https://item.taobao.com/item.htm?id=712990189981&ns=1&abbucket=16#detail
CPR480心肺复苏模拟人心脏急救人体训练模型电子计数人工呼吸假人,广东 深圳,https://g.alicdn.com/s.gif,https://detail.tmall.com/item.htm?id=712955209906&ns=1&abbucket=16
医训CPR580高级全身心肺复苏模拟人体模型急救训练练习模型人医学教学用培训假人橡皮人,上海,https://g.alicdn.com/s.gif,https://detail.tmall.com/item.htm?id=643441628491&ns=1&abbucket=16
心肺复苏模拟人CPR急救训练医学用模型人工呼吸假人心脏胸新款式,江西 萍乡,https://g.alicdn.com/s.gif,https://item.taobao.com/item.htm?id=691111604643&ns=1&abbucket=16#detail
半身心肺复苏模拟人CPR培x训假人医用模型人急救训练人体模特,广东 广州,https://g.alicdn.com/s.gif,https://item.taobao.com/item.htm?id=695847289089&ns=1&abbucket=16#detail
CPR480心肺复苏模拟人心脏急救人体训练模型电子计数人工呼吸假人,广东 深圳,https://g.alicdn.com/s.gif,https://detail.tmall.com/item.htm?id=711879377818&ns=1&abbucket=16
CPR480心肺复苏模拟人心脏急救人体训练模型电子计数人工呼吸假人,,https://g.alicdn.com/s.gif,https://detail.tmall.com/item.htm?id=711988606309&ns=1&abbucket=16
CPR480心肺复苏模拟人心脏急救人体训练模型电子计数人工呼吸假人,广东 深圳,https://g-search3.alicdn.com/img/bao/uploaded/i4/i4/2211280053254/O1CN01GrD1wy1ZuNd05JBJb_!!0-item_pic.jpg_360x360Q90.jpg_.webp,https://detail.tmall.com/item.htm?id=711990942984&ns=1&abbucket=16
CPR290半身心肺n复苏模拟人CPR培训假人医学模型急救训练人体模型,北京,https://g-search2.alicdn.com/img/bao/uploaded/i4/i3/681568290/TB2LkNToXXXXXa9XpXXXXXXXXXX_!!681568290.jpg_360x360Q90.jpg_.webp,https://item.taobao.com/item.htm?id=712741908200&ns=1&abbucket=16#detail
泰贵医学TG/ALS800多功能急救训练模拟人心肺复苏CPR气管插管静脉注射导尿液晶大屏教学考核训练假人体模型,上海,https://g-search1.alicdn.com/img/bao/uploaded/i4/i4/2206813196300/O1CN01omTVHQ1wPRtOibqgK_!!0-item_pic.jpg_360x360Q90.jpg_.webp,https://detail.tmall.com/item.htm?id=642769071156&ns=1&abbucket=16
心肺复苏模拟人CPR心脏复苏急救训练人体模型医学用教学模型假人,北京,https://g-search1.alicdn.com/img/bao/uploaded/i4/i4/3169896178/O1CN01kHljdZ1vVZivHZiEQ_!!3169896178.png_360x360Q90.jpg_.webp,https://item.taobao.com/item.htm?id=712613064318&ns=1&abbucket=16#detail
心肺复苏模拟人CPR690急救培训练习人体模型胸外按压人工呼吸假人,浙江 温州,https://g-search3.alicdn.com/img/bao/uploaded/i4/i4/2210798447885/O1CN01QsZuVu287NdkER9ZG_!!2210798447885.jpg_360x360Q90.jpg_.webp,https://item.taobao.com/item.htm?id=713047638791&ns=1&abbucket=16#detail
心肺复苏模拟人CPR心脏复苏急救训练人体模型医学用教学模型假人,北京,https://g-search3.alicdn.com/img/bao/uploaded/i4/i4/3169896178/O1CN01kHljdZ1vVZivHZiEQ_!!3169896178.png_360x360Q90.jpg_.webp,https://item.taobao.com/item.htm?id=713056382451&ns=1&abbucket=16#detail
沪模 全功能一岁儿童护理复苏模拟人 婴幼儿童cpr急救学校医院训练模拟假人人体模型HUMO/T432,上海,https://g-search3.alicdn.com/img/bao/uploaded/i4/i1/2200537816372/O1CN01UWugVu1wwQE6pGmDm_!!0-item_pic.jpg_360x360Q90.jpg_.webp,https://detail.tmall.com/item.htm?id=586808031919&ns=1&abbucket=16
心肺复苏模拟人半身仿真假人急救消防训练假人教M学模型KS/CPR610,北京,https://g-search3.alicdn.com/img/bao/uploaded/i4/i1/4292594823/O1CN01DWJuJm1lUz2elBa7K_!!4292594823.jpg_360x360Q90.jpg_.webp,https://item.taobao.com/item.htm?id=704638210151&ns=1&abbucket=16#detail
CPR590心肺复苏模拟人急救人体训练模型应急救护模拟橡皮人假人,上海,https://g-search3.alicdn.com/img/bao/uploaded/i4/i4/43980582/TB278k0c8TH8KJjy0FiXXcRsXXa_!!43980582.jpg_360x360Q90.jpg_.webp,https://item.taobao.com/item.htm?id=712616768894&ns=1&abbucket=16#detail
心肺复苏模拟人急救培训医学用CPR人体教学半身模型人工呼吸假人,北京,https://g-search3.alicdn.com/img/bao/uploaded/i4/i3/3376967264/O1CN011tTu1z23WxnZB4N0x_!!2-item_pic.png_360x360Q90.jpg_.webp,https://item.taobao.com/item.htm?id=713242303030&ns=1&abbucket=16#detail
弘德HD/CPR190S高级半身心肺复苏训练模拟人胸外按压假人急救训练模型,浙江 温州,https://g-search3.alicdn.com/img/bao/uploaded/i4/i4/2206426493198/O1CN01HeVHyn1ZUjMY7507b_!!0-item_pic.jpg_360x360Q90.jpg_.webp,https://detail.tmall.com/item.htm?id=670682247466&ns=1&abbucket=16
弘德CPR110全身心肺复苏模拟人心脏按压应急培训医用假人急救训练,浙江 温州,https://g-search2.alicdn.com/img/bao/uploaded/i4/i4/2206426493198/O1CN01ZIyBMO1ZUjNFe8bEU_!!0-item_pic.jpg_360x360Q90.jpg_.webp,https://detail.tmall.com/item.htm?id=674516429819&ns=1&abbucket=16
心肺复苏模拟人半身应急演练假人胸外心脏按压CPR全身急救训练模型,上海,https://g-search2.alicdn.com/img/bao/uploaded/i4/i1/2206813196300/O1CN01OVI7WP1wPRzI1mQMY_!!0-item_pic.jpg_360x360Q90.jpg_.webp,https://detail.tmall.com/item.htm?id=681412931942&ns=1&abbucket=16
CPR390心肺复苏模拟人触电急A救CPR假人胸外按压徒手心肺复苏人体,上海,https://g-search3.alicdn.com/img/bao/uploaded/i4/i3/4292594823/O1CN01AD0P6L1lUz2PYwPEK_!!4292594823.jpg_360x360Q90.jpg_.webp,https://item.taobao.com/item.htm?id=704410373625&ns=1&abbucket=16#detail
医博心肺复苏模拟人半身CPR230人工呼吸急救模型假人医学人体模型,上海,https://g-search1.alicdn.com/img/bao/uploaded/i4/i4/2206780946618/O1CN01nemoIi1yl5nZlii0N_!!0-item_pic.jpg_360x360Q90.jpg_.webp,https://item.taobao.com/item.htm?id=713034978876&ns=1&abbucket=16#detail
CPR480心肺复苏模拟人心脏急救人体训练模型电子计数人工呼吸假人,山东 菏泽,https://g-search1.alicdn.com/img/bao/uploaded/i4/i4/4120866976/O1CN01lYfEVD21P3mh5iIOr_!!0-item_pic.jpg_360x360Q90.jpg_.webp,https://detail.tmall.com/item.htm?id=712558788206&ns=1&abbucket=16
